     Datum;      5 aus 50;   EZ;  Spieleinsatz; Anz. Kl. 1;   Quote Kl. 1; Anz. Kl. 2;   Quote Kl. 2; Anz. Kl. 3;   Quote Kl. 3; Anz. Kl. 4;   Quote Kl. 4; Anz. Kl. 5;   Quote Kl. 5; Anz. Kl. 6;   Quote Kl. 6; Anz. Kl. 7;   Quote Kl. 7; Anz. Kl. 8;   Quote Kl. 8; Anz. Kl. 9;   Quote Kl. 9;Anz. Kl. 10;  Quote Kl. 10;Anz. Kl. 11;  Quote Kl. 11;Anz. Kl. 12;  Quote Kl. 12
07.01.2022;47;23;21;17; 8; 6; 2; 45.918.930,00;    Jackpot; 23.310.842,80;          5;    390.310,90;          7;     98.397,70;         76;      3.020,90;        886;        233,20;      1.713;         93,80;      2.661;         51,70;     37.840;         18,80;     41.383;         16,60;     75.709;         13,00;    190.762;          9,30;    576.488;          7,60
14.01.2022;15;41; 9;44;27; 4; 2; 49.761.984,00;    Jackpot; 35.049.300,22;          2;  1.057.442,10;          5;    149.285,90;         54;      4.607,50;      1.013;        221,00;      1.683;        103,40;      2.411;         61,90;     35.248;         21,80;     43.289;         17,20;     71.003;         15,00;    190.939;         10,10;    615.063;          7,70
21.01.2022; 5;29; 9; 2;32; 2; 4; 55.152.284,00;          2; 24.000.400,10;          7;    334.853,10;          7;    118.183,40;         67;      4.115,80;      1.184;        209,60;      1.902;        101,40;      3.012;         54,90;     43.006;         19,80;     53.133;         15,50;     83.985;         14,10;    216.754;          9,90;    716.724;          7,30
28.01.2022;21; 5;29;35;23; 7; 9; 43.202.816,00;          1; 11.134.617,00;          2;    918.059,80;          8;     81.005,20;         51;      4.235,50;        868;        223,90;      1.497;        101,00;      2.324;         55,70;     33.447;         20,00;     40.979;         15,80;     65.634;         14,10;    167.584;         10,00;    571.314;          7,20
04.02.2022;12;27;18;33;41;10; 9; 42.960.086,00;    Jackpot; 10.351.407,58;          9;    202.867,00;         10;     64.440,10;         35;      6.137,10;        858;        225,30;      1.909;         78,70;      1.666;         77,30;     23.924;         27,80;     35.008;         18,40;     76.310;         12,80;    126.548;         12,80;    484.142;          8,40
11.02.2022;42;37; 5;10;26; 3;10; 45.848.080,00;    Jackpot; 21.221.349,90;          3;    649.514,40;          6;    114.620,20;         45;      5.094,20;        792;        260,50;      1.443;        111,20;      1.877;         73,20;     28.481;         24,90;     36.146;         19,00;     63.901;         15,40;    150.277;         11,80;    538.054;          8,10
18.02.2022;29;10;32;25; 5; 7; 4; 49.086.552,00;    Jackpot; 32.847.105,16;          3;    695.392,80;          7;    105.185,40;         82;      2.993,00;      1.039;        212,50;      1.754;         97,90;      3.582;         41,10;     51.432;         15,40;     45.443;         15,40;     74.974;         14,00;    266.824;          7,40;    620.238;          7,40
25.02.2022;41; 4;34;43;19; 1; 5; 51.988.640,00;    Jackpot; 45.199.360,70;          7;    315.645,30;          4;    194.957,40;         40;      6.498,50;      1.158;        202,00;      2.013;         90,30;      2.327;         67,00;     35.645;         22,60;     39.948;         19,50;     73.973;         15,10;    192.409;         10,50;    576.689;          8,60
04.03.2022;17; 1;36;49;20; 6; 9; 56.225.058,00;    Jackpot; 58.453.975,14;          1;  2.389.564,90;         10;     84.337,50;         55;      5.111,30;        990;        255,50;      1.671;        117,70;      2.729;         61,80;     38.942;         22,30;     42.276;         19,90;     75.582;         15,90;    208.922;         10,40;    626.807;          8,50
11.03.2022; 5;31;49;46;39; 9; 8; 64.586.918,00;    Jackpot; 73.527.202,54;          6;    457.490,60;          8;    121.100,40;         48;      6.727,80;        988;        294,10;      1.668;        135,50;      2.487;         77,90;     38.480;         26,00;     46.303;         20,90;     78.136;         17,70;    205.235;         12,20;    721.828;          8,50
18.03.2022; 1;38;33;43; 8; 6; 2; 74.419.746,00;          2; 45.000.000,00;          2;  2.007.890,70;          7;    159.470,80;         91;      4.088,90;      1.116;        300,00;      1.918;        135,80;      3.465;         64,40;     55.583;         20,70;     53.701;         20,70;     96.631;         16,50;    304.501;          9,50;    841.356;          8,40
25.03.2022;46;11;35;31;20; 6;10; 41.437.956,00;    Jackpot; 11.986.775,68;          2;    890.916,00;          5;    200.974,00;         27;      6.138,90;        617;        335,80;      1.346;        169,30;      1.424;        116,30;     19.374;         27,20;     26.678;         22,10;     60.406;         18,50;    103.553;         13,50;    393.484;         10,60
29.03.2022;18;24;39;10;15;11; 2; 15.146.690,00;    Jackpot; 16.617.232,40;          1;    651.307,60;          6;     61.217,80;          7;      8.655,20;        191;        396,50;        411;        202,60;        514;        117,80;      5.889;         32,70;      9.943;         21,70;     25.856;         16,40;     30.148;         16,40;    140.573;         10,90
01.04.2022;37;49; 8; 7;35; 8; 5; 41.576.798,00;          1; 24.790.202,00;          4;    446.950,50;          5;    201.647,40;         65;      2.558,50;        673;        308,80;      5.652;         57,40;      1.219;         57,40;     38.091;         17,00;     32.792;         17,00;     60.622;         17,00;    180.107;          8,50;    479.489;          8,50
05.04.2022;28;48;38;10; 9; 8;12; 14.994.446,00;    Jackpot; 10.000.000,00;          1;    644.761,10;          3;    121.205,10;          9;      6.664,10;        215;        348,70;        366;        225,30;        493;        121,60;      5.175;         36,90;      9.631;         22,10;     23.287;         18,00;     27.073;         18,00;    137.844;         11,00
08.04.2022;48; 2;26;45;41;12; 5; 39.320.510,00;    Jackpot; 17.077.691,80;          5;    338.156,30;          7;    136.217,40;         17;      9.251,80;        409;        480,60;        640;        337,90;      1.084;        145,00;      9.498;         52,70;     19.709;         28,40;     54.238;         22,40;     52.275;         22,40;    297.885;         13,30
12.04.2022;24;41;20;19;36; 4; 5; 16.599.270,00;    Jackpot; 20.065.560,40;          1;    713.768,60;          1;    402.532,30;         12;      5.533,00;        230;        360,80;        568;        160,70;        509;        130,40;      8.580;         24,60;     11.719;         20,10;     22.660;         19,70;     46.409;         12,00;    178.795;          9,40
15.04.2022; 5;10;24; 2;20; 7; 4; 38.590.592,00;    Jackpot; 27.011.866,96;          7;    237.056,40;         10;     93.582,10;         74;      2.085,90;      1.025;        188,20;      2.630;         80,70;      2.048;         75,30;     34.026;         14,60;     37.048;         14,60;     71.859;         14,40;    171.029;          8,10;    466.677;          8,10
19.04.2022; 7;17;35; 3;15; 3; 4; 15.842.338,00;    Jackpot; 29.863.487,80;    Jackpot;    681.220,53;          5;     76.835,30;         27;      2.347,00;        418;        189,50;        874;         99,60;        684;         92,60;     10.223;         19,70;     17.125;         14,10;     29.021;         14,10;     46.548;         11,40;    214.313;          7,50
22.04.2022;28;18;50; 2;42;11; 2; 40.267.380,00;    Jackpot; 37.478.496,67;          4;    603.179,40;          5;    195.296,70;         22;      7.321,30;        491;        410,00;        867;        255,40;      1.371;        117,40;     11.882;         43,20;     23.142;         24,70;     60.381;         19,70;     63.631;         19,70;    344.622;         11,80
26.04.2022;41;49;10;27;32; 9; 1; 19.231.724,00;    Jackpot; 42.778.536,42;          3;    275.654,70;          2;    233.184,60;         24;      3.205,20;        282;        340,90;        665;        159,00;        622;        123,60;      9.612;         25,50;     12.504;         21,90;     27.902;         18,60;     53.714;         12,00;    184.106;         10,60
29.04.2022;18;17; 5;34; 6; 1;11; 44.301.716,00;    Jackpot; 51.623.978,48;    Jackpot;  1.904.973,79;          8;    134.289,50;         21;      8.438,40;        518;        427,60;        858;        283,90;      1.705;        103,90;     12.403;         45,50;     25.998;         24,20;     83.846;         18,00;     65.413;         18,00;    374.546;         12,00
03.05.2022; 6;22;13;24;30; 5;10; 21.227.098,00;    Jackpot; 57.447.974,45;    Jackpot;  2.817.739,00;          8;     64.344,60;         20;      4.245,40;        460;        230,70;        894;        130,50;        931;         91,20;     12.151;         22,20;     18.198;         16,60;     39.714;         14,40;     61.837;         11,50;    230.599;          9,30
06.05.2022;49; 6; 5;39;50;12;10; 47.899.742,00;    Jackpot; 67.043.056,36;          2;  2.438.713,90;          6;    193.594,70;         23;      8.330,30;        571;        419,40;      1.020;        258,20;      1.440;        133,00;     13.785;         44,30;     24.142;         28,20;     68.284;         20,60;     72.531;         20,60;    366.299;         13,20
10.05.2022; 3; 7;50;34;43;10; 5; 25.338.390,00;    Jackpot; 73.797.253,00;          1;  1.089.550,70;          1;    614.455,90;         25;      4.054,10;        354;        357,80;        939;        148,40;        911;        111,20;     13.504;         23,90;     17.075;         21,10;     39.641;         17,20;     72.739;         11,70;    252.477;         10,10
13.05.2022;30;13;43; 7;47;11; 7; 57.895.502,00;    Jackpot; 85.388.139,76;          3;    829.835,50;         18;     77.998,10;         30;      7.719,40;      1.094;        264,60;      1.546;        205,90;      2.399;         96,50;     20.836;         35,40;     43.472;         18,90;     99.440;         17,40;    102.626;         17,40;    588.656;          9,90
17.05.2022; 2;41;13;45;50; 2; 3; 35.676.464,00;    Jackpot; 94.469.254,32;          1;  1.534.087,90;          3;    288.384,70;         27;      5.285,40;        460;        387,70;      1.046;        187,50;      1.000;        142,70;     16.414;         27,70;     22.970;         22,10;     47.527;         20,20;     91.592;         13,10;    360.049;         10,00
20.05.2022;47;32;22; 4;28; 2; 1; 78.386.804,00;          1;110.213.537,30;          5;    674.126,50;         14;    135.777,10;         49;      6.398,90;      1.154;        339,60;      2.374;        181,60;      2.559;        122,50;     35.172;         28,40;     54.543;         20,40;    122.149;         17,30;    194.047;         13,60;    793.332;         10,00
24.05.2022;45;26;40;25;47; 4; 5; 19.011.316,00;    Jackpot; 10.000.000,00;    Jackpot;    817.486,59;          5;     92.204,80;         10;      7.604,50;        252;        377,20;        564;        185,30;        503;        151,10;      9.189;         26,30;     11.688;         23,10;     23.946;         21,40;     51.246;         12,50;    186.339;         10,30
27.05.2022;29;48; 8;41;26; 5; 3; 37.844.036,00;          1; 16.811.926,40;          6;    407.463,30;          5;    183.543,50;         36;      4.204,80;        609;        310,70;      1.511;        137,70;      1.207;        125,40;     22.925;         21,00;     27.450;         19,60;     52.158;         19,50;    127.252;         10,00;    404.819;          9,40
31.05.2022;50;14;39;30;37; 4;12; 16.815.700,00;    Jackpot; 10.000.000,00;          2;    376.951,90;          1;    376.951,90;         14;      4.804,40;        192;        437,90;        449;        205,90;        523;        128,60;      5.799;         36,90;      9.389;         25,50;     23.086;         19,60;     31.117;         18,20;    142.754;         11,90
03.06.2022;41;27; 4;39;22; 9; 1; 38.292.638,00;    Jackpot; 16.892.674,84;          6;    274.430,50;          9;    103.177,30;         38;      4.030,80;        660;        290,00;      1.348;        156,20;      1.404;        109,00;     19.821;         24,60;     26.492;         20,50;     59.977;         17,20;    104.592;         12,30;    383.528;         10,10
07.06.2022;49; 7;48; 5;45; 3; 8; 17.213.074,00;    Jackpot; 19.991.028,16;          2;    370.081,00;    Jackpot;    417.417,04;         18;      3.825,10;        238;        361,60;        720;        136,80;        475;        136,80;     11.998;         20,00;     11.212;         20,00;     23.448;         19,80;     66.920;          9,00;    190.528;          9,00
10.06.2022;23;46;21;28; 3;12;10; 38.753.458,00;    Jackpot; 26.966.650,60;          1;  1.666.398,60;          3;    452.396,10;          7;     22.144,80;        497;        389,80;        736;        289,50;      1.597;         97,00;     11.076;         44,60;     21.557;         25,60;     72.397;         18,00;     58.290;         18,00;    309.332;         12,70
14.06.2022;28;30;35;11;50; 7; 8; 19.259.306,00;    Jackpot; 30.433.325,68;          1;    828.150,10;          1;    467.038,10;         14;      5.502,60;        264;        364,70;        636;        166,50;        534;        144,20;      9.651;         25,40;     13.388;         20,40;     26.518;         19,60;     53.147;         12,20;    205.533;          9,50
17.06.2022;45; 2; 1;23;43; 1; 9; 39.761.416,00;    Jackpot; 37.590.380,56;          4;    427.435,20;          5;    192.842,80;         26;      6.117,10;        499;        398,40;      1.294;        169,00;      1.043;        152,40;     19.771;         25,60;     25.033;         22,60;     54.234;         19,70;    109.912;         12,20;    382.376;         10,50
21.06.2022; 6;29;10;17;49; 5; 2; 20.968.808,00;    Jackpot; 41.743.891,24;          1;    901.658,70;          7;     72.641,90;         19;      4.414,40;        384;        273,00;      1.045;        110,30;        830;        101,00;     13.455;         19,80;     16.783;         17,80;     34.774;         16,20;     67.426;         10,40;    237.061;          8,90
24.06.2022;30;13;48;35;24; 5; 4; 42.691.426,00;    Jackpot; 50.400.856,88;          2;    917.865,60;          4;    258.816,70;         26;      6.567,90;        751;        284,20;      1.651;        142,20;      1.499;        113,90;     23.313;         23,30;     34.036;         17,90;     64.163;         17,90;    123.316;         11,60;    477.295;          9,00
28.06.2022;50;23;29;10; 2; 3;10; 22.146.772,00;    Jackpot; 56.360.750,66;          1;    952.311,20;          6;     89.509,80;         22;      4.026,60;        387;        286,10;        824;        147,80;        787;        112,50;     12.153;         23,20;     16.549;         19,00;     34.728;         17,20;     62.376;         11,90;    234.856;          9,50
01.07.2022;34; 4;24;10;35; 8; 7; 46.681.668,00;    Jackpot; 65.784.308,74;          4;    501.827,90;          4;    283.007,60;         23;      8.118,50;        664;        351,50;      1.689;        152,00;      1.332;        140,10;     24.600;         24,10;     35.032;         19,10;     65.606;         19,10;    133.136;         11,80;    532.782;          8,80
05.07.2022;28;16;43; 7;36;11; 2; 26.744.964,00;    Jackpot; 72.759.199,12;          7;    164.290,40;         15;     43.237,60;         23;      4.651,20;        518;        258,10;        876;        167,90;      1.397;         76,50;     11.517;         29,60;     18.765;         20,30;     48.156;         15,00;     59.797;         15,00;    257.404;         10,50
08.07.2022;10;36;30; 6;22;10; 8; 53.975.660,00;    Jackpot; 83.696.115,60;          5;    464.190,60;          8;    163.613,70;         71;      3.040,80;      1.022;        264,00;      1.874;        158,40;      2.217;         97,30;     25.947;         26,50;     41.876;         18,30;     88.143;         16,50;    132.435;         13,70;    570.120;          9,60
12.07.2022;30; 3;26;16;47; 2; 1; 35.444.944,00;    Jackpot; 92.524.496,32;          5;    340.524,60;          2;    340.524,60;         17;      8.339,90;        558;        317,60;      1.083;        180,00;      1.272;        111,40;     15.914;         28,30;     24.088;         20,90;     54.734;         17,40;     87.392;         13,60;    348.168;         10,30
15.07.2022; 9;19;16;32;11; 3; 5; 73.550.162,00;    Jackpot;107.385.756,86;          4;    790.664,20;         12;    148.632,60;         87;      3.381,60;      1.452;        253,20;      3.741;        108,10;      2.875;        102,30;     50.806;         18,40;     64.903;         16,10;    124.085;         16,00;    247.010;         10,00;    894.123;          8,30
19.07.2022;23;37;43;24;20;10; 9; 57.436.778,00;    Jackpot;120.000.000,00;          4;    891.788,00;          9;    154.760,20;         40;      5.743,60;        875;        328,20;      1.813;        174,20;      1.950;        117,80;     25.789;         28,30;     39.799;         20,50;     88.606;         17,50;    136.298;         14,20;    587.714;          9,90
22.07.2022; 1;17;19;11;33; 7; 3; 95.412.262,00;          1;120.000.000,00;          8;  2.985.189,10;         18;    128.541,50;        201;      1.898,70;      2.033;        234,60;      7.207;         81,80;      3.861;         81,80;     90.352;         15,00;     87.765;         15,00;    165.165;         15,00;    419.953;          8,20;  1.148.078;          8,20
26.07.2022; 2; 7; 1;24;25; 2; 5; 22.056.512,00;    Jackpot; 10.000.000,00;          5;    189.686,00;          3;    178.290,10;         30;      2.940,80;        545;        202,30;      1.248;         97,20;        984;         89,60;     15.809;         17,70;     20.779;         15,10;     39.450;         15,00;     72.628;         10,20;    266.953;          8,30
29.07.2022;26;29;46;50;14;11;10; 39.316.574,00;    Jackpot; 17.076.983,32;          2;    845.306,30;          7;    136.203,80;         13;     12.097,40;        492;        399,50;        761;        284,10;      1.245;        126,30;     10.695;         46,80;     21.040;         26,60;     59.755;         20,40;     56.802;         20,40;    304.960;         13,00
02.08.2022;40;39;47; 6;11; 8; 7; 21.737.254,00;    Jackpot; 22.136.838,62;          2;    467.350,90;          5;    105.425,60;         13;      6.688,30;        297;        365,90;        655;        182,50;        614;        141,60;     10.474;         26,40;     14.061;         22,00;     28.434;         20,60;     59.878;         12,20;    222.373;          9,90
05.08.2022;31;49;10;17;12; 8; 2; 41.931.678,00;    Jackpot; 30.672.931,74;          7;    257.580,30;         11;     92.440,20;         43;      3.900,60;        748;        280,20;      2.065;        111,60;      1.525;        109,90;     30.026;         18,00;     32.536;         18,00;     67.289;         16,80;    157.898;          9,00;    465.797;          9,00
09.08.2022;36;40;44;26;23; 5;10; 22.818.864,00;    Jackpot; 36.733.366,82;          1;    981.211,10;          2;    276.678,70;         13;      7.021,10;        330;        345,70;        760;        165,10;        690;        132,20;     11.899;         24,40;     14.507;         22,40;     33.343;         18,40;     63.866;         12,00;    217.300;         10,60
12.08.2022;14;46;38;32;34; 2; 5; 43.951.694,00;          1; 45.691.514,80;          4;    472.480,70;          5;    213.165,70;         50;      3.516,10;        748;        293,70;      1.863;        129,70;      1.715;        102,50;     24.956;         22,40;     33.298;         18,80;     68.897;         17,20;    135.865;         10,90;    446.451;          9,90
16.08.2022;17;32;34; 4;49; 4; 9; 18.555.956,00;    Jackpot; 10.000.000,00;          1;    797.906,10;          5;     89.996,30;         28;      2.650,80;        353;        262,80;        947;        107,70;        727;        102,00;     12.765;         18,50;     14.181;         18,50;     29.085;         17,20;     64.054;          9,70;    197.236;          9,50
19.08.2022;13;32;41; 4;39; 6; 8; 37.880.100,00;          1; 16.818.418,00;          4;    407.211,00;          6;    153.098,70;         28;      5.411,40;        656;        288,70;      1.350;        154,30;      1.210;        125,20;     20.342;         23,70;     26.463;         20,30;     54.884;         18,60;    113.080;         11,30;    392.428;          9,70
23.08.2022; 9;21;39; 2;18; 4;10; 17.765.462,00;    Jackpot; 10.000.000,00;          4;    199.121,20;          2;    199.121,20;         10;      7.106,10;        337;        263,50;        675;        144,70;        760;         93,50;      8.969;         25,20;     13.441;         18,80;     30.963;         15,40;     46.107;         13,00;    185.288;          9,70
26.08.2022;37; 6; 2;18;29;10;12; 36.763.246,00;    Jackpot; 16.617.384,28;          4;    395.204,80;         14;     63.679,10;         14;     10.503,70;        491;        374,30;        835;        242,10;      1.675;         87,70;     10.970;         42,70;     20.724;         25,20;     70.333;         17,40;     57.767;         17,40;    294.470;         12,60
30.08.2022;45;18;27;49;41; 9; 7; 19.123.646,00;          1; 20.059.640,50;          1;    822.316,70;          6;     77.291,40;         18;      4.249,60;        296;        323,00;        757;        138,90;        575;        133,00;      9.992;         24,40;     13.985;         19,50;     26.271;         19,50;     55.197;         11,60;    197.823;          9,80
02.09.2022;11;22; 5; 2;24;12; 7; 35.560.256,00;    Jackpot; 10.000.000,00;          5;    305.818,20;         16;     53.896,00;         22;      6.465,50;        835;        222,60;        842;        222,60;      2.250;         63,20;     11.154;         40,60;     29.755;         17,00;     79.328;         15,80;     56.656;         15,80;    372.388;          9,60
06.09.2022;10;38; 6;11;20; 3; 9; 18.448.652,00;    Jackpot; 13.320.757,36;          2;    413.557,20;          1;    413.557,20;         13;      5.676,50;        343;        268,90;        826;        122,80;        731;        100,90;     12.206;         19,20;     14.811;         17,70;     31.662;         15,70;     64.515;          9,60;    206.748;          9,00
09.09.2022;26;43;18; 9;41; 9; 4; 37.431.412,00;          1; 20.058.411,50;          2;    804.775,30;          3;    302.570,50;         40;      3.743,10;        609;        307,30;      1.721;        119,60;      1.261;        118,70;     24.757;         19,60;     26.720;         19,60;     54.528;         18,50;    131.217;          9,60;    397.661;          9,50
13.09.2022;40;20;22;34;26;12; 8; 17.720.342,00;    Jackpot; 10.000.000,00;          1;    761.974,70;          1;    429.718,20;          9;      7.875,70;        230;        385,20;        404;        241,20;        541;        131,00;      6.189;         36,50;     10.325;         24,40;     25.663;         18,60;     32.162;         18,50;    158.309;         11,30
16.09.2022;41;16;27;45;25; 3; 9; 36.179.570,00;    Jackpot; 16.512.322,60;          1;  1.555.721,50;          6;    146.225,70;         32;      4.522,40;        519;        348,50;      1.529;        134,00;      1.035;        134,00;     23.609;         20,20;     24.566;         20,20;     48.917;         19,90;    130.891;          9,60;    374.488;          9,60
20.09.2022;36; 2;40;13;22; 3; 5; 18.959.928,00;    Jackpot; 19.925.109,64;    Jackpot;    815.276,90;          4;    114.944,50;         11;      6.894,50;        331;        286,40;        781;        133,50;        661;        114,70;     11.282;         21,40;     14.462;         18,60;     28.206;         18,10;     61.129;         10,40;    208.555;          9,20
23.09.2022;39;20;38;30;44;12; 2; 38.044.794,00;    Jackpot; 26.773.172,56;          2;  1.225.601,50;          3;    307.528,70;         17;      8.951,70;        396;        480,30;        787;        265,80;      1.097;        138,70;     11.191;         43,30;     19.087;         28,40;     50.966;         20,60;     60.945;         20,60;    304.079;         12,60
27.09.2022;44;31;26;15;23; 1; 8; 21.022.594,00;    Jackpot; 30.557.239,48;          1;    903.971,50;          4;    127.449,40;         17;      4.946,40;        359;        292,70;        795;        145,40;        777;        108,20;     10.514;         25,40;     15.153;         19,70;     33.827;         16,70;     56.110;         12,60;    214.040;          9,90
30.09.2022;17;15; 8;12;46; 8; 1; 41.179.100,00;    Jackpot; 37.969.477,48;          2;    885.350,60;          2;    499.296,50;         36;      4.575,40;        665;        309,60;      1.569;        144,30;      1.371;        120,10;     24.206;         21,60;     32.054;         18,30;     66.894;         16,60;    122.096;         11,30;    459.626;          9,00
04.10.2022;48;49;17;42;43; 3; 7; 22.203.112,00;    Jackpot; 41.966.037,64;          2;    477.366,90;          4;    134.606,30;         21;      4.229,10;        307;        361,60;        944;        137,30;        592;        137,30;     16.133;         20,70;     13.548;         20,70;     28.185;         20,70;     95.321;          9,50;    218.665;          9,50
07.10.2022;30;16;17;35;26; 3; 9; 43.656.826,00;    Jackpot; 49.824.266,32;    Jackpot;  1.877.243,52;          1;  1.058.678,00;         36;      4.850,70;        617;        353,70;      1.819;        137,80;      1.190;        137,80;     28.826;         19,80;     30.640;         19,80;     62.551;         18,80;    160.942;          9,40;    463.250;          9,40
11.10.2022;36;47;39; 7;35; 8; 3; 25.861.952,00;    Jackpot; 54.479.417,68;          3;    996.435,80;          3;    209.050,70;         18;      5.747,10;        343;        376,90;      1.191;        124,60;        780;        124,60;     17.277;         19,60;     18.245;         19,60;     37.941;         18,40;     93.535;          9,50;    274.076;          9,50
14.10.2022;10;44; 5; 8; 3;12; 7; 48.665.654,00;    Jackpot; 63.747.452,92;          4;    523.155,70;         12;     98.345,10;         22;      8.848,30;        890;        273,40;      1.212;        220,80;      2.387;         81,50;     16.505;         37,50;     35.231;         19,60;     95.542;         16,20;     86.263;         16,20;    488.633;         10,10
18.10.2022;50;34;18;13;24; 6; 5; 30.210.630,00;    Jackpot; 71.395.573,50;          1;  1.299.057,00;          2;    366.303,80;         24;      5.035,10;        479;        315,30;      1.075;        154,50;        968;        124,80;     16.659;         23,10;     23.009;         18,70;     47.004;         17,30;     85.687;         11,80;    333.873;          9,10
21.10.2022; 2;11;49;47;18; 2; 7; 56.088.390,00;    Jackpot; 82.890.844,40;          4;    602.950,10;          6;    226.690,50;         57;      3.936,00;        883;        317,60;      2.826;        116,90;      1.730;        116,90;     40.022;         18,80;     41.263;         18,80;     79.557;         18,80;    205.185;          9,20;    620.866;          9,10
25.10.2022;17;39;26;37;35; 4; 3; 39.027.448,00;    Jackpot; 92.493.325,04;          3;    559.393,40;          5;    189.283,10;         35;      4.460,20;        759;        257,00;      1.551;        138,30;      1.424;        109,60;     20.582;         24,10;     33.925;         16,80;     61.687;         16,80;    105.272;         12,50;    446.475;          8,80
28.10.2022;21;30; 4; 5;43; 5;11; 75.601.106,00;    Jackpot;107.896.780,28;          3;  1.083.615,80;         10;    183.332,60;         46;      6.574,00;      1.104;        342,30;      1.998;        208,10;      2.598;        116,30;     29.719;         32,40;     48.706;         22,10;    118.795;         17,10;    158.997;         16,00;    713.537;         10,70
01.11.2022;39;44;32;18;42; 7; 4; 54.854.434,00;    Jackpot;120.000.000,00;          2;  1.794.887,20;          5;    266.044,00;         63;      3.482,80;        898;        305,40;      2.620;        115,60;      1.887;        115,60;     35.956;         19,50;     39.987;         19,50;     83.467;         17,70;    190.890;          9,80;    560.148;          9,80
04.11.2022;40; 9; 7;48;49; 7; 8; 97.737.056,00;    Jackpot;120.000.000,00;          5;  4.865.344,00;          8;    296.265,40;         60;      6.515,80;      1.349;        362,20;      3.314;        162,20;      2.714;        144,00;     49.987;         24,90;     67.454;         20,60;    130.582;         20,20;    268.471;         12,20;  1.086.581;          9,10
08.11.2022;38;17;35;23;15; 9; 4; 72.223.568,00;          1;120.000.000,00;         17;  1.209.751,50;         33;     53.073,30;        167;      1.729,90;      1.878;        192,20;      4.425;         89,70;      3.726;         77,50;     51.317;         17,90;     65.400;         15,70;    132.770;         14,60;    244.939;          9,90;    819.307;          8,90
11.11.2022;28;11;15;24;41;12; 3; 44.153.598,00;    Jackpot; 11.266.100,74;          5;    379.720,90;          3;    356.908,20;         30;      5.887,10;        637;        346,50;        993;        244,50;      1.602;        110,20;     14.931;         37,70;     29.049;         21,60;     73.542;         17,60;     78.305;         17,60;    421.433;         10,60
15.11.2022; 7; 1;48;33;11; 9;12; 23.631.608,00;    Jackpot; 17.532.895,94;          2;    508.079,50;          3;    191.022,10;         14;      6.751,80;        384;        307,70;        594;        218,80;        946;         99,90;      8.403;         35,80;     16.202;         20,70;     44.982;         16,00;     44.408;         16,00;    226.053;         10,60
18.11.2022;28;13;14;25;42;12;11; 41.637.486,00;    Jackpot; 26.100.767,48;          1;  1.790.411,90;          7;    144.244,10;         18;      9.252,70;        424;        491,00;        876;        261,40;      1.725;         96,50;     12.601;         42,10;     20.264;         29,20;     83.335;         16,80;     66.766;         16,80;    283.926;         14,80
22.11.2022;23;20;11;37;46; 9;11; 24.294.386,00;    Jackpot; 32.381.437,88;          1;  1.044.658,60;          8;     73.642,30;          9;     10.797,50;        381;        318,80;        663;        201,50;        913;        106,40;      9.466;         32,70;     16.409;         21,00;     39.806;         16,70;     48.150;         16,70;    230.774;         10,60
25.11.2022; 8;48; 6;42; 4; 6;11; 43.388.508,00;    Jackpot; 41.313.201,04;          2;    932.852,90;          8;    131.521,40;         22;      7.888,80;        534;        406,20;        968;        246,50;      1.366;        127,00;     14.556;         38,00;     26.415;         23,40;     67.508;         18,20;     77.238;         18,20;    387.418;         11,30
29.11.2022;32;46;37; 9;16; 7;12; 26.184.658,00;    Jackpot; 48.006.887,04;    Jackpot;  1.125.940,29;          9;     70.553,10;          8;     13.092,30;        388;        337,40;        643;        223,90;        941;        111,30;      9.755;         34,20;     16.322;         22,80;     39.878;         17,70;     52.493;         16,80;    239.441;         11,00
02.12.2022;49;48;25;12; 6;11;12; 47.372.434,00;    Jackpot; 57.740.410,33;          1;  3.162.954,90;         10;    114.878,10;         27;      7.018,10;        518;        457,20;      1.168;        223,00;      1.887;        100,40;     16.380;         36,80;     23.660;         28,50;     87.006;         16,90;     83.250;         16,90;    330.607;         14,50
06.12.2022;47;12;37; 8;44;10; 7; 29.256.940,00;    Jackpot; 65.155.583,80;          2;    629.024,20;          4;    177.370,20;         15;      7.801,80;        500;        292,50;      1.019;        157,90;      1.018;        114,90;     14.183;         26,30;     21.061;         19,70;     45.485;         17,30;     73.652;         13,40;    309.871;          9,50
09.12.2022;13; 6;32;21; 8; 3; 6; 52.044.378,00;          1; 75.871.601,70;          3;    745.969,40;          6;    210.346,00;         60;      3.469,60;      1.074;        242,20;      2.865;        103,80;      1.897;        103,80;     37.921;         17,40;     46.414;         16,20;     86.009;         16,20;    181.496;          9,60;    621.948;          8,40
13.12.2022;36;33; 3;13;47;11; 3; 21.659.610,00;    Jackpot; 10.000.000,00;          5;    186.272,60;          4;    131.311,30;         24;      3.609,90;        519;        208,60;        894;        133,20;        934;         92,70;     10.254;         26,90;     20.147;         15,30;     40.415;         14,50;     49.841;         14,50;    232.452;          9,40
16.12.2022;47;20; 9;14;15; 8;12; 38.922.512,00;    Jackpot; 17.006.052,16;    Jackpot;  1.673.668,02;          3;    314.623,60;         19;      8.194,20;        465;        418,50;        809;        264,60;      1.240;        125,50;     12.143;         40,80;     22.847;         24,20;     59.233;         18,90;     65.754;         18,90;    343.390;         11,50
20.12.2022; 6;11;43;49;26; 5; 8; 23.345.716,00;          1; 21.208.281,00;          6;    446.255,60;          5;    113.226,70;         31;      3.012,30;        468;        249,40;      1.309;         98,40;        943;         98,40;     16.758;         18,30;     17.633;         18,30;     36.854;         17,10;     92.275;          9,20;    248.476;          9,20
23.12.2022; 9;44;34;35;42;11; 6; 40.180.706,00;    Jackpot; 10.000.000,00;          2;    863.885,10;          2;    487.191,00;         15;     10.714,80;        472;        425,60;        915;        241,50;      1.177;        136,50;     13.170;         38,80;     21.896;         26,10;     58.601;         18,70;     71.490;         18,70;    331.427;         12,30
27.12.2022;34;44;28;33;37; 4;11; 20.566.512,00;    Jackpot; 13.701.972,16;          1;    884.360,00;          2;    249.368,90;          7;     11.752,20;        249;        412,90;        581;        194,60;        596;        138,00;      8.477;         30,90;     12.983;         22,50;     30.548;         18,10;     44.146;         15,70;    193.876;         10,70
30.12.2022; 3;47;50;37;45; 5;10; 44.426.482,00;    Jackpot; 21.842.418,46;    Jackpot;  1.910.338,73;          2;    538.671,00;         31;      5.732,40;        531;        418,30;      1.442;        169,40;      1.143;        155,40;     22.598;         25,00;     26.228;         24,10;     57.764;         20,70;    126.542;         11,80;    409.152;         11,00

Spieleinsätze und Quoten in EUR

Alle Angaben ohne Gewähr



     Datum;      5 aus 50;   EZ;  Spieleinsatz; Anz. Kl. 1;   Quote Kl. 1; Anz. Kl. 2;   Quote Kl. 2; Anz. Kl. 3;   Quote Kl. 3; Anz. Kl. 4;   Quote Kl. 4; Anz. Kl. 5;   Quote Kl. 5; Anz. Kl. 6;   Quote Kl. 6; Anz. Kl. 7;   Quote Kl. 7; Anz. Kl. 8;   Quote Kl. 8; Anz. Kl. 9;   Quote Kl. 9;Anz. Kl. 10;  Quote Kl. 10;Anz. Kl. 11;  Quote Kl. 11;Anz. Kl. 12;  Quote Kl. 12
03.01.2023;37;28;31;29;50; 4; 5; 24.415.290,00;    Jackpot; 28.257.618,27;          2;  1.480.098,10;          6;     98.678,40;         12;      8.138,40;        282;        432,80;        750;        179,00;        621;        157,20;     11.550;         26,90;     14.686;         23,60;     31.660;         20,80;     63.266;         13,00;    240.717;         10,20
06.01.2023;47;50;28;14;31; 7;12; 40.853.260,00;    Jackpot; 36.737.004,40;          2;    878.345,00;          7;    141.527,30;         25;      6.536,50;        598;        341,50;        954;        235,50;      1.407;        116,10;     13.532;         38,40;     24.190;         24,00;     60.494;         18,70;     72.021;         18,70;    356.949;         11,60
10.01.2023;27;41; 9;45;16; 4; 1; 25.812.596,00;    Jackpot; 43.234.456,88;          3;    369.980,50;          3;    208.651,80;         26;      3.971,10;        445;        290,00;        828;        171,40;      1.046;         98,70;     11.621;         28,30;     18.461;         19,90;     40.731;         17,10;     61.679;         14,10;    256.507;         10,20
13.01.2023; 7;41;34;49;14; 9; 4; 50.131.230,00;         --;            --;          3;    718.547,60;         11;    110.516,50;         64;      3.133,20;      1.037;        241,70;      2.613;        105,50;      1.955;        102,50;     33.772;         18,90;     38.349;         18,60;     79.170;         17,00;    171.967;          9,80;    534.565;          9,50
17.01.2023;16; 6;35;11;44; 6; 2; 30.006.738,00;    Jackpot; 61.109.499,64;    Jackpot;  1.290.289,73;          2;    363.831,70;         20;      6.001,30;        537;        279,30;      1.185;        139,20;        999;        120,10;     17.701;         21,60;     22.031;         19,40;     45.948;         17,60;     91.888;         11,00;    319.902;          9,50
20.01.2023;12;31;47;15; 1;10; 9; 54.340.762,00;    Jackpot; 72.251.833,03;          4;    906.735,60;          5;    263.552,60;         27;      8.050,40;        763;        356,00;      1.551;        192,60;      1.687;        128,80;     23.518;         29,40;     35.240;         21,90;     80.763;         18,10;    126.511;         14,40;    527.464;         10,40
24.01.2023; 9;31;27;17;16; 1; 9; 36.944.640,00;    Jackpot; 81.399.119,90;          3;    529.539,80;          6;    149.317,90;         31;      4.767,00;        640;        288,60;      1.359;        149,50;      1.386;        106,60;     19.363;         24,30;     28.541;         18,40;     62.942;         15,80;     96.081;         12,90;    393.217;          9,50
27.01.2023; 4;29;34; 9;37; 3;12; 65.625.708,00;    Jackpot; 94.900.940,94;          6;    470.317,50;          9;    176.824,80;         30;      8.750,00;        860;        381,50;      1.762;        204,80;      2.435;        107,80;     25.350;         33,00;     45.477;         20,50;    110.652;         16,50;    130.725;         16,50;    646.231;         10,30
31.01.2023;43;20;30;41;21;11;10; 53.349.116,00;          1;107.469.011,20;          3;    764.670,60;          9;    143.746,20;         30;      7.113,20;        634;        420,70;      1.336;        219,60;      1.581;        134,90;     19.373;         35,10;     30.048;         25,30;     74.563;         19,30;    102.329;         17,50;    456.398;         11,80
03.02.2023; 1;44;17; 7;50;10; 2; 41.418.596,00;    Jackpot; 10.000.000,00;          1;  1.780.999,60;         11;     91.309,10;         40;      4.141,80;        653;        317,10;      1.567;        145,30;      1.590;        104,10;     21.454;         24,60;     29.575;         19,90;     68.633;         16,20;    112.348;         12,40;    424.494;          9,90
07.02.2023;37;10;15;46;25; 7;12; 23.319.254,00;    Jackpot; 15.973.331,12;          3;    334.242,60;          2;    282.745,90;         15;      6.218,40;        336;        347,00;        667;        192,20;        787;        118,50;      9.280;         32,00;     15.620;         21,20;     36.834;         17,00;     48.968;         16,00;    221.162;         10,70
10.02.2023;42;10;20;36; 3; 8;10; 41.583.194,00;    Jackpot; 24.516.719,42;          2;    894.038,60;          2;    504.196,20;         29;      5.735,60;        619;        335,80;      1.228;        186,20;      1.282;        129,70;     19.037;         27,80;     28.413;         20,80;     59.819;         18,70;    100.524;         13,90;    427.678;          9,80
14.02.2023; 6;14;45; 1; 2; 2; 7; 26.037.988,00;    Jackpot; 31.117.225,84;    Jackpot;  1.119.633,48;          3;    210.473,70;         27;      3.857,40;        404;        322,20;      1.109;        130,80;        781;        130,80;     17.133;         19,30;     19.459;         19,00;     37.827;         18,50;     89.950;          9,70;    281.826;          9,30
17.02.2023;21; 5;12;15;39; 3; 4; 44.061.528,00;          1; 40.254.187,60;          1;  3.014.279,10;          5;    213.698,40;         48;      3.671,70;        868;        253,80;      1.754;        138,10;      1.621;        108,70;     24.794;         22,60;     40.108;         16,10;     72.557;         16,10;    125.722;         11,80;    546.930;          8,10
21.02.2023;34;20;38;43;13; 6; 3; 21.339.124,00;          1; 10.000.000,00;          3;    305.860,70;          4;    129.368,40;         20;      4.267,80;        347;        307,40;        918;        127,80;        782;        109,10;     12.632;         21,50;     15.998;         19,00;     32.663;         17,60;     67.421;         10,60;    227.339;          9,50
24.02.2023; 1; 5;18;20;12; 7; 6; 36.944.520,00;    Jackpot; 10.000.000,00;          8;    198.576,70;          9;     99.544,90;         51;      2.897,60;      1.002;        184,30;      1.588;        127,90;      1.920;         76,90;     21.585;         21,80;     35.339;         14,80;     69.091;         14,40;    101.755;         12,20;    447.393;          8,30
28.02.2023;38;27; 6;49;20; 9; 3; 22.199.714,00;    Jackpot; 13.995.948,52;          1;    954.587,70;          2;    269.171,50;         37;      2.399,90;        383;        289,80;      1.083;        115,70;        739;        115,70;     15.297;         18,80;     16.506;         18,80;     34.364;         17,40;     79.581;          9,40;    238.370;          9,40
03.03.2023;48; 1;37;46;18; 7; 3; 40.491.084,00;    Jackpot; 21.284.343,64;    Jackpot;  1.741.116,61;          2;    490.954,30;         33;      4.908,00;        510;        396,90;      1.853;        131,90;      1.063;        131,90;     30.332;         20,60;     24.945;         20,60;     50.653;         20,60;    181.525;          9,40;    398.108;          9,40
07.03.2023; 4;12;11;42;16; 3; 5; 24.326.494,00;    Jackpot; 25.663.112,56;          1;  2.787.155,80;          2;    294.958,70;         18;      5.405,80;        369;        329,60;      1.000;        133,70;        841;        115,70;     15.287;         20,20;     19.494;         17,70;     39.612;         16,50;     78.607;         10,40;    282.540;          8,70
10.03.2023;17;39;22;46; 6;12; 5; 42.542.634,00;    Jackpot; 33.320.786,68;          6;    304.888,80;          7;    147.379,80;         23;      7.398,70;        622;        341,90;      1.110;        210,70;      1.731;         98,30;     14.282;         37,90;     26.992;         22,40;     70.763;         17,50;     76.268;         17,50;    386.360;         11,10
14.03.2023;48;34;16;32; 9; 6; 2; 25.982.546,00;    Jackpot; 39.151.658,68;          1;  1.117.249,40;          5;    126.015,30;         23;      4.518,70;        426;        304,90;      1.066;        134,00;      1.024;        101,40;     13.937;         23,70;     18.714;         19,70;     40.923;         17,10;     74.148;         11,80;    260.286;         10,10
17.03.2023; 5;29;21;18;45; 1; 6; 45.006.670,00;    Jackpot; 48.436.862,00;          3;    645.095,60;         12;     90.950,90;         39;      4.616,00;        779;        288,80;      1.547;        160,00;      1.914;         94,00;     22.264;         25,70;     32.604;         19,60;     76.510;         15,80;    115.768;         13,10;    451.857;         10,10
21.03.2023;13;47;44; 8;16; 6; 8; 28.489.746,00;    Jackpot; 55.607.620,18;    Jackpot;  1.225.059,08;          5;    138.175,20;         24;      4.748,20;        489;        291,30;      1.215;        128,90;        965;        118,00;     16.472;         22,00;     22.275;         18,20;     44.561;         17,20;     84.297;         11,40;    316.869;          9,10
24.03.2023;43; 6;21;26;23; 9; 3; 48.707.068,00;    Jackpot; 65.670.058,16;          5;    663.892,60;          9;    131.238,40;         45;      4.329,50;        798;        305,10;      2.395;        112,90;      1.702;        112,90;     35.457;         17,80;     38.076;         17,80;     75.946;         17,30;    183.281;          8,90;    549.653;          8,90
28.03.2023; 6;12;44;37;36; 1;11; 32.926.732,00;          1; 73.860.867,70;    Jackpot;  1.415.849,48;          2;    399.236,60;         13;     10.131,30;        455;        361,80;        820;        220,80;      1.238;        106,30;     12.333;         34,00;     19.664;         23,80;     57.446;         16,20;     65.751;         16,20;    289.664;         11,50
31.03.2023;37;11;31;44;10;12; 5; 37.520.370,00;          1; 10.000.000,00;          1;  3.029.225,30;          6;    151.644,80;         18;      8.337,80;        455;        412,30;        846;        243,90;      1.161;        129,20;     12.493;         38,20;     22.490;         23,70;     60.036;         18,00;     66.307;         18,00;    337.657;         11,20
04.04.2023;15; 1;24;33;19; 7; 8; 21.595.328,00;    Jackpot; 10.000.000,00;          1;    928.599,10;          7;     74.812,30;         31;      2.786,40;        477;        226,30;        964;        123,20;        781;        110,60;     12.090;         22,70;     20.088;         15,60;     37.006;         15,60;     60.932;         11,90;    260.689;          8,40
07.04.2023;16;32;28;48;36;10; 5; 36.609.730,00;    Jackpot; 16.589.751,40;          3;    524.739,40;          9;     98.642,80;         48;      3.050,80;        708;        258,50;      1.459;        138,00;      1.544;         94,80;     19.266;         24,20;     26.245;         19,80;     59.313;         16,60;    100.308;         12,30;    356.553;         10,40
11.04.2023;37; 5;42;19;33; 9; 7; 21.459.258,00;    Jackpot; 20.452.417,84;          1;    922.748,00;          4;    130.096,70;         22;      3.901,60;        437;        245,50;        922;        128,00;        838;        102,40;     12.267;         22,30;     17.903;         17,10;     33.742;         17,10;     63.256;         11,40;    247.721;          8,70
14.04.2023; 7;11;21;20;29; 6;11; 39.916.296,00;    Jackpot; 27.637.351,12;          5;    343.280,10;         11;     87.997,20;         29;      5.505,60;        711;        280,70;      1.073;        204,60;      1.977;         80,70;     15.214;         33,40;     30.146;         18,80;     85.340;         15,00;     75.557;         15,00;    393.173;         10,30
18.04.2023;35;28;42;16;31; 2;10; 24.803.832,00;    Jackpot; 32.102.040,88;          2;    533.282,30;          5;    120.298,50;         25;      3.968,60;        389;        318,80;        854;        159,70;        980;        101,20;     12.054;         26,20;     16.598;         21,20;     38.014;         17,60;     64.136;         13,00;    232.760;         10,80
21.04.2023;41;13;16;45; 5; 3; 6; 41.411.658,00;    Jackpot; 39.993.792,44;          1;  1.780.701,20;          5;    200.846,50;         25;      6.625,80;        550;        376,40;      1.735;        134,40;      1.191;        134,40;     26.194;         20,10;     29.400;         20,00;     58.148;         19,20;    143.141;          9,70;    444.502;          9,40
25.04.2023;24;40;21;12;28; 3; 1; 27.558.910,00;          1; 46.857.546,20;          1;  1.185.033,10;          4;    167.075,80;         19;      5.801,80;        422;        326,50;        994;        152,40;        880;        125,20;     13.685;         25,60;     20.159;         19,40;     44.293;         16,70;     69.420;         13,30;    293.244;          9,50
28.04.2023; 4;35;30; 8; 9; 6; 7; 36.474.324,00;    Jackpot; 10.000.000,00;          5;    313.679,10;          4;    221.125,50;         28;      5.210,60;        586;        311,20;      1.291;        155,30;      1.199;        121,60;     19.109;         24,30;     27.795;         18,60;     57.161;         17,20;    101.177;         12,10;    413.155;          8,90
02.05.2023;23;11;12;26;13;12;11; 20.300.706,00;          1; 13.654.127,00;          1;    872.930,30;          7;     70.327,40;         24;      3.383,40;        270;        375,90;        714;        156,30;      1.153;         70,40;      8.281;         31,20;     11.840;         24,40;     44.728;         14,70;     39.107;         14,70;    172.241;         11,90
05.05.2023;30;33;18;17;35; 8; 6; 35.130.456,00;    Jackpot; 10.000.000,00;          1;  1.510.609,60;         11;     77.446,60;         36;      3.903,30;        565;        310,80;      1.369;        141,10;      1.102;        127,50;     20.568;         21,70;     25.058;         19,90;     51.358;         18,40;    106.141;         11,10;    390.735;          9,10
09.05.2023;34;11;39; 6;29; 2; 3; 21.136.366,00;    Jackpot; 13.804.545,88;          2;    454.431,80;          9;     56.950,70;         13;      6.503,40;        377;        280,30;        664;        175,00;        750;        112,70;     10.125;         26,60;     15.964;         18,80;     31.463;         18,10;     52.984;         13,40;    239.202;          8,90
12.05.2023;34;10;32;27;30; 5; 8; 37.855.880,00;    Jackpot; 20.618.604,28;          5;    325.560,50;          3;    306.001,60;         28;      5.407,90;        510;        371,10;      1.700;        132,00;      1.023;        132,00;     27.403;         19,30;     25.857;         19,30;     52.287;         19,30;    150.846;          9,30;    398.921;          9,30
16.05.2023;30;46;28;45;31; 4; 8; 23.634.052,00;    Jackpot; 25.929.096,46;    Jackpot;  1.016.264,24;          4;    143.281,40;         17;      5.560,90;        289;        408,80;        800;        163,40;        574;        163,40;     13.274;         23,20;     14.166;         23,20;     29.307;         21,70;     78.849;         10,60;    221.377;         10,60
19.05.2023; 5; 1;35;20; 8;12; 3; 39.553.520,00;    Jackpot; 34.130.081,26;          3;    905.688,50;         10;     95.917,20;         28;      5.650,50;        686;        288,20;        973;        223,50;      1.799;         87,90;     13.578;         37,10;     28.780;         19,50;     73.435;         16,50;     71.783;         16,50;    387.055;         10,30
23.05.2023; 1;36; 2;11;14; 2; 3; 25.487.018,00;    Jackpot; 40.535.663,54;          1;  1.095.941,70;          2;    309.030,00;         13;      7.842,10;        416;        306,30;        911;        153,80;        760;        134,10;     13.019;         24,90;     19.541;         18,50;     37.325;         18,40;     66.334;         12,90;    288.023;          8,90
26.05.2023;47; 1; 3;29;45; 5; 8; 42.788.954,00;    Jackpot; 49.416.548,52;          4;    459.981,20;          6;    172.938,60;         35;      4.890,10;        519;        412,20;      1.744;        141,30;      1.131;        141,30;     27.234;         21,30;     26.982;         21,30;     56.632;         20,40;    156.424;          9,90;    424.169;          9,90
30.05.2023; 8; 2;16;21;39; 4; 5; 26.781.918,00;    Jackpot; 56.202.915,54;          3;    383.874,10;          5;    129.892,30;         24;      4.463,60;        458;        292,30;        998;        147,50;        975;        109,80;     13.962;         24,40;     20.842;         18,30;     42.927;         16,80;     72.679;         12,40;    295.786;          9,10
02.06.2023; 8; 9;50;13;11;11; 6; 48.625.804,00;    Jackpot; 66.193.303,22;          5;    418.181,90;         13;     90.705,80;         35;      5.557,20;        721;        337,20;      1.346;        198,60;      1.944;        100,00;     18.849;         32,80;     32.495;         21,30;     86.903;         15,80;     99.085;         15,80;    470.847;         10,40
06.06.2023;22; 7;29;21; 5;10; 3; 35.260.954,00;    Jackpot; 74.785.298,62;          4;    379.055,20;          4;    213.769,50;         38;      3.711,60;        720;        244,80;      1.556;        124,60;      1.591;         88,60;     21.211;         21,10;     30.742;         16,30;     67.615;         14,00;    103.196;         11,50;    416.023;          8,60
09.06.2023;13;46; 8;24;35; 8; 6; 58.387.182,00;    Jackpot; 86.895.252,36;         17;    147.685,20;         19;     74.520,40;         91;      2.566,40;      1.826;        159,80;      2.748;        116,80;      3.451;         67,60;     36.273;         20,50;     47.187;         17,60;     94.132;         16,70;    179.757;         10,90;    653.680;          9,00
13.06.2023;47;29;32;46;11; 5; 7; 48.795.396,00;    Jackpot; 98.367.631,28;          5;    419.640,40;          5;    236.657,60;         39;      5.004,60;        817;        298,60;      1.927;        139,20;      1.526;        127,90;     28.577;         21,70;     34.018;         20,40;     69.668;         18,90;    158.267;         10,40;    501.190;          9,80
16.06.2023;36;19;42;33; 5; 7;12; 83.354.676,00;    Jackpot;115.613.508,18;          4;    896.062,70;         11;    183.759,10;         61;      5.465,80;      1.565;        266,30;      2.427;        188,80;      3.415;         97,60;     32.799;         32,40;     57.645;         20,60;    142.479;         16,00;    172.866;         16,00;    816.039;         10,30
20.06.2023;18;34;30;48; 9; 7; 1; 74.221.986,00;    Jackpot;120.000.000,00;          3;  5.330.105,00;         11;    163.625,70;         59;      5.031,90;      1.208;        307,20;      2.415;        169,00;      2.876;        103,20;     35.026;         27,00;     50.479;         20,90;    118.245;         16,90;    193.026;         12,90;    728.922;         10,30
23.06.2023; 2;23;18;39; 3; 8; 6; 97.036.144,00;          1;120.000.000,00;         11;  2.275.342,20;         11;    213.920,50;         96;      4.043,10;      1.680;        288,70;      3.855;        138,40;      3.729;        104,00;     56.130;         22,00;     74.724;         18,50;    162.591;         16,10;    291.086;         11,20;  1.069.382;          9,20
27.06.2023; 7;10;47;13;34; 5; 9; 26.130.624,00;    Jackpot; 10.000.000,00;    Jackpot;  1.123.616,83;          3;    211.222,50;         43;      2.430,70;        519;        251,70;      1.301;        110,40;      1.110;         94,10;     17.923;         18,50;     22.194;         16,70;     46.757;         15,00;     87.216;         10,10;    307.052;          8,60
30.06.2023;14; 3;43;41;23; 6; 2; 39.737.830,00;    Jackpot; 17.450.442,37;          2;  1.416.171,70;          2;    481.821,10;         32;      4.967,20;        693;        286,70;      1.613;        135,40;      1.445;        110,00;     22.456;         22,50;     29.853;         18,90;     64.436;         16,60;    121.646;         11,00;    414.767;          9,70
04.07.2023;36;23;39;21;19;12; 5; 26.532.546,00;    Jackpot; 24.034.588,58;          3;    380.299,80;          6;    107.235,70;         14;      7.580,70;        450;        294,80;        701;        208,10;      1.098;         96,60;     10.467;         32,30;     18.510;         20,40;     45.377;         16,10;     54.480;         16,10;    257.848;         10,40
07.07.2023;41;40;20;18; 9; 9; 3; 42.602.616,00;    Jackpot; 32.913.420,88;          3;    610.637,40;          9;    114.790,30;         32;      5.325,30;        606;        351,50;      1.779;        134,20;      1.235;        134,20;     27.993;         20,30;     28.490;         20,30;     57.961;         19,80;    154.642;          9,70;    434.170;          9,70
11.07.2023;15;46;17;11;24; 2;11; 27.833.262,00;    Jackpot; 39.897.613,76;          1;  1.196.830,20;          2;    337.478,30;         18;      6.185,10;        381;        365,20;        868;        176,30;      1.059;        105,10;     12.889;         27,50;     19.077;         20,70;     48.028;         15,60;     65.876;         14,20;    276.081;         10,20
14.07.2023;50; 2;31;12; 4; 8; 6; 45.882.644,00;    Jackpot; 49.426.500,82;          3;    657.651,20;          4;    278.163,50;         45;      4.078,40;        698;        328,60;      1.827;        138,10;      1.624;        113,00;     25.877;         22,60;     33.079;         19,70;     71.243;         17,30;    139.496;         11,10;    482.274;          9,60
18.07.2023;40;16;43;24;14; 1; 5; 31.771.710,00;    Jackpot; 57.246.319,20;          2;    683.091,70;          3;    256.821,30;         18;      7.060,30;        419;        379,10;        881;        198,30;        968;        131,20;     13.712;         29,50;     19.915;         22,70;     44.724;         19,10;     77.087;         13,90;    298.860;         10,70
21.07.2023;16;38;22;41; 7; 5; 9; 50.680.722,00;    Jackpot; 67.831.402,66;          3;    726.423,60;          6;    204.834,50;         71;      2.855,20;        923;        274,50;      2.392;        116,50;      1.967;        103,00;     31.444;         20,50;     38.471;         18,70;     79.891;         17,10;    164.646;         10,30;    545.627;          9,40
25.07.2023; 9;39;11;20; 3; 2; 3; 36.616.540,00;    Jackpot; 76.739.688,00;          5;    314.902,20;          9;     98.661,20;         33;      4.438,30;        861;        212,60;      1.562;        128,90;      1.517;         96,50;     19.924;         23,40;     35.217;         15,30;     63.245;         15,30;     95.789;         12,90;    453.830;          8,10
28.07.2023;10;16;49;34;36; 3; 7; 58.576.582,00;    Jackpot; 88.976.667,66;          2;  1.259.396,50;         19;     74.762,20;         77;      3.042,90;      1.062;        275,70;      2.858;        113,10;      2.060;        113,10;     43.629;         18,50;     41.680;         18,50;     85.485;         18,50;    246.142;          9,20;    613.768;          9,20
01.08.2023; 2;44;38; 9;40;11; 5; 49.540.112,00;    Jackpot;100.544.935,76;          6;    355.037,40;          7;    171.621,10;         21;      9.436,20;        640;        387,00;      1.317;        206,80;      1.375;        144,10;     20.330;         31,00;     29.167;         24,20;     70.272;         19,00;    110.304;         15,10;    456.517;         11,00
04.08.2023;19;38; 3;32;17; 7; 6; 80.283.536,00;          1;117.242.385,80;          9;    383.576,80;         25;     77.875,00;         61;      5.264,40;      1.716;        233,90;      3.101;        142,30;      3.479;         92,30;     43.858;         23,30;     69.584;         16,40;    138.022;         15,70;    225.187;         12,00;    938.109;          8,60
08.08.2023;25;37; 6;12;31; 9; 6; 26.323.214,00;          1; 10.000.000,00;          2;    565.949,10;          8;     79.792,20;         27;      3.899,70;        574;        229,20;      1.239;        116,80;      1.399;         75,20;     16.727;         20,00;     21.918;         17,10;     50.180;         14,10;     82.387;         10,70;    290.676;          9,10
11.08.2023;35;38;36; 1;39; 3;10; 38.343.108,00;    Jackpot; 10.000.000,00;    Jackpot;  1.648.753,64;          2;    464.910,10;         14;     10.955,10;        435;        440,70;      1.035;        203,70;        937;        163,60;     17.950;         27,20;     20.496;         26,60;     42.859;         24,10;    109.271;         11,80;    343.837;         11,30
15.08.2023;41;23;21;12;26; 5; 6; 23.846.544,00;          1; 14.292.377,90;          1;  2.674.155,00;          5;    115.655,70;         14;      6.813,20;        378;        315,40;        857;        153,00;        775;        123,00;     12.414;         24,40;     18.247;         18,60;     37.409;         17,20;     65.056;         12,30;    266.210;          9,00
18.08.2023; 2;16;28;22;46; 8; 4; 37.354.106,00;          1; 10.000.000,00;          8;    200.778,30;         12;     75.486,40;         57;      2.621,30;        713;        261,90;      2.127;         99,70;      1.429;         99,70;     28.284;         17,50;     29.286;         17,50;     58.031;         17,30;    147.935;          9,10;    403.939;          9,10
22.08.2023;46; 8;47;41;40;11; 3; 22.371.022,00;    Jackpot; 10.000.000,00;          3;    320.651,30;          2;    271.248,60;         13;      6.883,30;        211;        530,10;        545;        225,70;        592;        151,10;      8.642;         33,00;     11.275;         28,20;     26.654;         22,60;     50.627;         14,90;    182.312;         12,40
25.08.2023;11;27; 5; 2;38;12;10; 37.954.412,00;    Jackpot; 16.831.794,16;          4;    408.009,90;         10;     92.039,40;         24;      6.325,70;        588;        322,70;        952;        219,20;      1.934;         78,40;     13.092;         36,90;     24.791;         21,80;     81.453;         15,40;     67.412;         15,40;    333.906;         11,50
29.08.2023;39;20;42;14;18; 9; 6; 24.906.382,00;    Jackpot; 21.314.942,92;          2;    535.487,20;          3;    201.326,50;         27;      3.689,80;        379;        328,50;        985;        139,00;        841;        118,40;     14.459;         21,90;     17.219;         20,60;     37.358;         18,00;     75.849;         11,00;    252.237;         10,00
01.09.2023;27; 1;23;13;16;10;11; 41.633.300,00;    Jackpot; 28.808.936,92;          4;    447.557,90;          4;    252.401,80;         21;      7.930,10;        596;        349,20;        948;        241,50;      1.912;         87,00;     13.882;         38,20;     26.215;         22,60;     82.589;         16,50;     70.137;         16,50;    371.856;         11,30
05.09.2023;15;13;11; 9;25; 4; 9; 27.895.394,00;    Jackpot; 33.830.107,84;          3;    399.833,90;          6;    112.743,80;         32;      3.486,90;        687;        203,00;      1.461;        105,00;      1.386;         80,50;     20.707;         17,10;     25.320;         15,60;     52.491;         14,30;     99.990;          9,40;    335.764;          8,40
08.09.2023;31;21;49;46;29; 6; 5; 44.001.334,00;    Jackpot; 41.750.347,96;          3;    630.685,70;          5;    213.406,40;         28;      6.285,90;        615;        357,70;      1.382;        175,10;      1.215;        144,80;     21.084;         26,60;     27.679;         22,60;     57.282;         20,70;    117.624;         12,60;    431.358;         10,30
12.09.2023;50; 5;45;43;13;10; 1; 29.491.242,00;    Jackpot; 48.023.243,66;          2;    634.061,70;          2;    357.581,30;         28;      4.213,00;        399;        369,50;        946;        171,40;        886;        133,10;     13.594;         27,60;     17.882;         23,50;     43.370;         18,30;     69.518;         14,30;    269.896;         11,00
15.09.2023; 8;36;31;10; 3; 3; 2; 47.096.840,00;    Jackpot; 57.857.065,00;          5;    405.032,80;          4;    285.524,50;         37;      5.091,50;        841;        280,00;      1.725;        150,10;      1.521;        123,80;     24.977;         24,00;     39.046;         17,70;     70.211;         17,70;    127.192;         12,40;    560.067;          8,50
19.09.2023;39;38; 8;26;18; 4;12; 32.954.278,00;          1; 65.950.426,80;         18;    100.735,20;          4;    100.735,20;         16;      8.238,50;        535;        307,90;        857;        211,40;      1.256;        104,90;     12.437;         33,70;     22.969;         20,40;     57.631;         16,00;     66.845;         16,00;    319.047;         10,40
22.09.2023;44;45;31;14;24; 7;11; 36.837.752,00;    Jackpot; 10.000.000,00;          1;  1.584.023,30;          5;    178.663,00;         28;      5.262,50;        485;        379,70;        851;        238,00;      1.085;        135,80;     13.071;         35,90;     22.467;         23,30;     53.866;         18,40;     70.773;         17,50;    335.093;         11,10
26.09.2023;23;38;24;44;42;10; 1; 22.768.152,00;    Jackpot; 14.098.267,36;    Jackpot;    979.030,54;          7;     78.875,30;         10;      9.107,20;        306;        372,00;        724;        172,90;        780;        116,70;      9.563;         30,30;     14.122;         22,90;     36.982;         16,60;     51.903;         14,80;    202.674;         11,40
29.09.2023;24;14;48;45;29; 9; 3; 39.163.328,00;    Jackpot; 22.016.062,50;          3;    887.684,50;          7;    135.672,90;         27;      5.801,90;        573;        341,70;      1.554;        139,10;      1.120;        139,10;     25.408;         20,40;     26.352;         20,40;     53.903;         19,60;    143.618;          9,70;    400.841;          9,70
03.10.2023;28;29;31;47;13; 9; 8; 24.832.022,00;    Jackpot; 28.266.304,26;          3;    355.925,60;          3;    200.725,50;         20;      4.966,40;        441;        281,50;        821;        166,30;        880;        112,80;     11.522;         27,40;     19.553;         18,00;     38.741;         17,30;     60.006;         13,90;    274.439;          9,10
06.10.2023;18;40;17;43;50; 9;11; 41.639.052,00;    Jackpot; 36.909.007,16;          2;    895.239,60;          4;    252.436,70;         13;     12.812,00;        415;        501,60;        896;        255,50;      1.111;        149,90;     13.552;         39,10;     21.683;         27,30;     55.099;         20,40;     76.039;         18,40;    342.456;         12,30
10.10.2023;12; 7;43;21; 8; 4;11; 28.167.286,00;    Jackpot; 43.876.027,28;          1;  1.211.193,30;          7;     97.579,50;         20;      5.633,40;        451;        312,20;        872;        177,60;      1.264;         89,10;     12.301;         29,10;     21.024;         19,00;     54.596;         14,60;     62.544;         14,60;    293.521;          9,70
13.10.2023;16;23;41;30;37; 2; 9; 50.409.342,00;          1; 54.233.217,90;          6;    361.266,90;         12;    101.868,80;         54;      3.734,00;        912;        276,30;      2.116;        131,00;      2.004;        100,60;     29.096;         22,00;     36.266;         19,80;     77.772;         17,50;    155.231;         10,90;    508.465;         10,00
17.10.2023; 6;42; 8;49;50; 5; 3; 22.638.932,00;    Jackpot; 10.000.000,00;          3;    324.491,30;          2;    274.497,00;          8;     11.319,40;        231;        490,00;        695;        179,10;        594;        152,40;     12.377;         23,60;     13.501;         23,60;     28.988;         21,00;     72.117;         10,50;    226.993;         10,10
20.10.2023;34;16;11;46;22; 5; 2; 37.258.916,00;    Jackpot; 16.706.604,88;          8;    200.266,60;         10;     90.352,80;         51;      2.922,20;        824;        226,00;      1.670;        122,70;      1.634;         91,20;     22.868;         20,70;     29.893;         17,70;     61.221;         16,40;    117.422;         10,70;    409.928;          9,20
24.10.2023;14;40;35; 5;47; 3; 1; 23.845.332,00;    Jackpot; 20.998.764,64;          2;    534.532,80;          1;    534.532,80;         12;      7.948,40;        334;        356,90;        672;        195,10;        758;        125,80;     10.186;         29,80;     14.986;         22,60;     33.356;         19,30;     58.354;         13,70;    228.636;         10,50
27.10.2023;20;15;13;40; 6; 2; 8; 40.381.956,00;    Jackpot; 28.482.617,78;          2;    868.212,00;          3;    326.420,80;         26;      6.212,60;        565;        357,30;      1.743;        127,40;      1.274;        126,70;     25.833;         20,00;     28.546;         20,00;     59.637;         18,20;    140.570;          9,60;    424.835;          9,60
31.10.2023;34;48;21; 6;15; 1; 5; 27.374.330,00;          1; 35.268.799,20;          3;    392.365,30;          8;     82.978,40;         17;      6.441,00;        476;        287,50;        955;        157,60;      1.100;         99,50;     12.562;         27,70;     18.367;         21,20;     42.369;         17,40;     67.034;         13,70;    266.141;         10,40
03.11.2023; 6;21;39;23;31; 1; 5; 35.849.410,00;    Jackpot; 10.000.000,00;          5;    308.304,90;         12;     72.445,60;         21;      6.828,40;        576;        311,10;      1.302;        151,40;      1.214;        118,10;     18.394;         24,80;     24.892;         20,50;     55.286;         17,50;     94.674;         12,70;    365.824;          9,90
07.11.2023;26;43;49;47;36; 4; 7; 23.200.502,00;    Jackpot; 14.176.090,36;          1;    997.621,50;          1;    562.612,10;         22;      4.218,20;        325;        356,90;        987;        134,20;        655;        134,20;     15.224;         21,00;     14.490;         21,00;     31.135;         20,10;     86.584;         10,00;    225.042;         10,00
10.11.2023;29;17; 1;22;31; 5; 6; 38.904.766,00;    Jackpot; 21.592.182,88;          6;    278.817,40;          6;    157.240,00;         24;      6.484,10;        626;        310,70;      1.444;        148,10;      1.295;        120,10;     21.099;         23,50;     29.312;         18,90;     59.826;         17,50;    108.140;         12,10;    423.960;          9,30
14.11.2023;30; 9;48;38;34; 2; 3; 25.451.212,00;    Jackpot; 27.938.978,96;          1;  1.094.402,10;          2;    308.595,90;         17;      5.988,50;        337;        377,60;        745;        187,80;        890;        114,30;     11.190;         28,90;     16.958;         21,30;     34.444;         19,90;     63.741;         13,40;    262.226;          9,80
17.11.2023;14;28; 4;20;15; 9; 7; 41.209.856,00;          1; 36.524.877,00;          5;    354.404,70;          6;    166.556,50;         43;      3.833,40;        770;        267,50;      1.659;        136,60;      1.467;        112,30;     23.436;         22,40;     32.841;         17,80;     65.988;         16,80;    121.062;         11,40;    470.497;          8,80
21.11.2023;22;38;21; 9;20; 3;12; 21.558.492,00;    Jackpot; 10.000.000,00;          1;    927.015,10;          7;     74.684,70;         10;      8.623,30;        304;        354,50;        593;        199,90;        722;        119,40;      8.718;         31,50;     14.696;         20,90;     35.294;         16,40;     44.732;         16,20;    215.378;         10,10
24.11.2023;16;39;34;27;33; 7; 2; 35.925.400,00;    Jackpot; 16.466.572,00;          4;    386.198,00;         11;     79.199,10;         28;      5.132,20;        576;        311,80;      1.715;        115,20;      1.297;        110,70;     25.622;         18,10;     27.905;         18,10;     56.077;         17,20;    130.858;          9,20;    398.450;          9,10
28.11.2023;36;13;23;11;12; 8; 3; 23.270.440,00;    Jackpot; 20.655.251,20;          5;    200.125,70;          4;    141.077,00;         25;      3.723,20;        503;        231,30;      1.460;         91,40;        958;         91,40;     19.702;         15,10;     21.957;         15,10;     41.406;         15,10;     94.769;          8,20;    300.929;          7,80
01.12.2023;23;32;38;45;49; 1; 9; 39.633.980,00;    Jackpot; 27.789.367,60;          1;  1.704.261,10;          3;    320.374,60;         35;      4.529,50;        635;        312,00;      1.303;        167,20;      1.405;        112,80;     18.418;         27,40;     26.583;         21,20;     62.258;         17,10;     98.331;         13,60;    375.986;         10,60
05.12.2023;49;26;16;11; 6; 2; 9; 26.076.096,00;    Jackpot; 33.822.199,38;          7;    175.361,70;          3;    175.361,70;         30;      3.476,80;        625;        208,60;      1.146;        125,10;      1.461;         71,30;     15.285;         21,70;     20.757;         17,90;     46.676;         15,00;     79.989;         11,00;    277.818;          9,50
08.12.2023;37; 2; 8;32;28; 3; 6; 42.707.078,00;    Jackpot; 42.695.469,44;          3;    612.134,70;          7;    147.949,50;         50;      3.416,50;        727;        293,70;      1.915;        122,60;      1.429;        119,50;     28.063;         19,40;     31.927;         19,00;     65.519;         17,50;    144.456;          9,90;    472.619;          9,10
12.12.2023;20;40; 8;34; 2; 9;12; 29.375.512,00;    Jackpot; 49.958.821,56;          3;    421.049,00;          2;    356.178,00;         17;      6.911,80;        379;        387,50;        778;        207,60;      1.026;        114,50;     11.078;         33,80;     17.526;         23,80;     45.687;         17,30;     57.867;         17,10;    262.630;         11,30
15.12.2023;17; 7;15;18;39;10; 1; 47.084.824,00;    Jackpot; 59.776.212,82;          2;  1.012.323,70;          8;    142.725,80;         37;      5.090,20;        664;        354,50;      1.537;        168,40;      1.761;        106,90;     22.698;         26,40;     32.292;         20,70;     85.645;         14,80;    116.306;         13,60;    471.548;         10,10
19.12.2023;17;45;31; 6; 4; 6;12; 34.112.122,00;    Jackpot; 68.066.663,56;    Jackpot;  1.466.821,25;          7;    118.174,10;         16;      8.528,00;        547;        311,80;        970;        193,40;      1.189;        114,70;     13.900;         31,20;     21.773;         22,30;     54.261;         16,90;     72.360;         15,90;    317.150;         10,90
22.12.2023; 6; 4;12;38;31; 2;12; 57.803.910,00;    Jackpot; 80.018.539,75;          2;  1.976.194,60;         10;    140.174,40;         40;      5.780,30;        853;        338,80;      1.545;        205,70;      2.105;        109,80;     22.223;         33,10;     41.016;         20,00;    101.027;         16,20;    114.853;         16,20;    556.342;         10,50
26.12.2023;27;16;13;22; 4;10; 1; 34.682.770,00;    Jackpot; 88.907.485,40;    Jackpot;  1.491.359,11;          7;    120.151,00;         18;      7.707,20;        645;        268,80;      1.288;        148,10;      1.584;         87,50;     16.573;         26,60;     25.587;         19,30;     67.874;         13,80;     84.571;         13,80;    347.316;         10,10
29.12.2023;21;48;40; 2;34; 6; 2; 74.719.944,00;    Jackpot;103.935.383,71;          2;  2.352.158,30;          8;    226.494,80;         65;      4.598,10;        993;        376,20;      2.465;        166,70;      2.268;        131,70;     38.607;         24,60;     46.932;         22,60;    102.322;         19,70;    211.004;         11,90;    711.460;         10,60

Spieleinsätze und Quoten in EUR

Alle Angaben ohne Gewähr



     Datum;      5 aus 50;   EZ;  Spieleinsatz; Anz. Kl. 1;   Quote Kl. 1; Anz. Kl. 2;   Quote Kl. 2; Anz. Kl. 3;   Quote Kl. 3; Anz. Kl. 4;   Quote Kl. 4; Anz. Kl. 5;   Quote Kl. 5; Anz. Kl. 6;   Quote Kl. 6; Anz. Kl. 7;   Quote Kl. 7; Anz. Kl. 8;   Quote Kl. 8; Anz. Kl. 9;   Quote Kl. 9;Anz. Kl. 10;  Quote Kl. 10;Anz. Kl. 11;  Quote Kl. 11;Anz. Kl. 12;  Quote Kl. 12
02.01.2024;48;19;26;49;36;11;10; 58.153.002,00;    Jackpot;117.827.773,66;          3;    833.526,30;          8;    176.276,20;         38;      6.121,30;        792;        367,10;      1.531;        208,90;      1.869;        124,40;     22.139;         33,40;     35.955;         23,00;     89.915;         17,40;    116.190;         16,80;    527.283;         11,10
05.01.2024;32;45;11;30;47;10; 3; 94.083.704,00;    Jackpot;120.000.000,00;          9;  2.388.351,90;         17;    134.207,60;         78;      4.824,80;      1.322;        355,80;      3.122;        165,70;      3.142;        119,70;     47.716;         25,10;     59.208;         22,60;    132.876;         19,10;    263.029;         12,00;    894.780;         10,60
09.01.2024;47;41; 9;26;12;10; 7; 72.843.342,00;    Jackpot;120.000.000,00;          4;  5.142.221,90;         21;     84.116,70;         55;      5.297,60;      1.170;        311,20;      2.355;        170,10;      2.589;        112,50;     33.768;         27,50;     51.196;         20,20;    114.213;         17,20;    179.363;         13,70;    743.261;          9,90
12.01.2024;31; 3;43;34;45; 9; 6; 97.622.288,00;    Jackpot;120.000.000,00;          5;  5.018.161,10;          8;    295.917,50;         80;      4.881,10;      1.372;        355,70;      3.415;        157,20;      3.009;        129,70;     53.914;         23,00;     64.176;         21,60;    138.941;         18,90;    296.037;         11,10;    957.645;         10,30
16.01.2024;19;32; 6;42;39; 9; 4; 76.765.706,00;          1;120.000.000,00;          9;  2.398.356,60;         15;    124.104,50;         90;      3.411,80;      1.408;        272,60;      3.751;        112,50;      3.064;        100,20;     50.822;         19,20;     57.647;         18,90;    119.626;         17,30;    257.975;         10,00;    807.648;          9,60
19.01.2024;33;10;12;18;47; 7;10; 43.413.472,00;    Jackpot; 11.329.064,36;          3;    622.259,70;          3;    350.925,50;         46;      3.775,00;        883;        245,80;      1.651;        144,60;      1.770;         98,10;     23.340;         23,70;     35.596;         17,30;     72.991;         16,00;    113.213;         12,90;    485.031;          9,00
23.01.2024;32;18; 9;20;39; 8; 5; 27.271.148,00;    Jackpot; 18.245.011,94;          2;    586.329,60;         10;     66.132,50;         37;      2.948,20;        457;        298,30;      1.563;        101,70;        984;        101,70;     22.338;         17,20;     20.359;         17,20;     42.923;         17,10;    116.485;          9,10;    288.300;          9,10
26.01.2024;35;37;23;18;41; 6; 7; 42.291.158,00;    Jackpot; 27.093.851,94;          1;  1.818.519,70;          5;    205.112,10;         35;      4.833,20;        805;        262,60;      1.541;        150,90;      1.571;        107,60;     21.647;         24,90;     33.661;         17,90;     65.717;         17,30;    113.535;         12,50;    459.810;          9,30
30.01.2024;46;15;12;48;10;11; 9; 29.480.728,00;    Jackpot; 34.333.475,04;          1;  1.267.671,30;          2;    357.453,80;         14;      8.423,00;        365;        403,80;        708;        229,00;        902;        130,70;     11.226;         33,40;     17.425;         24,10;     42.575;         18,60;     61.451;         16,10;    269.928;         11,00
02.02.2024;17;30;21;13;39;11; 8; 47.544.400,00;    Jackpot; 44.252.033,70;          5;    408.881,80;         14;     82.353,60;         38;      5.004,60;        799;        297,50;      1.272;        205,50;      2.031;         93,60;     18.148;         33,40;     33.482;         20,20;     86.368;         16,10;     92.948;         16,10;    465.425;         10,30
06.02.2024;20;26;44;19;16; 1; 4; 33.749.854,00;    Jackpot; 52.501.136,42;          2;    756.559,20;          1;    756.559,20;         26;      5.192,20;        445;        379,20;      1.108;        167,50;      1.076;        125,40;     15.859;         27,10;     23.064;         20,80;     51.804;         17,50;     83.067;         13,70;    345.845;          9,90
09.02.2024; 4;20;11;10;22;10; 7; 51.281.954,00;          1; 63.259.938,70;         10;    220.512,40;         11;    113.053,30;         59;      3.476,70;      1.359;        188,60;      2.134;        132,10;      2.561;         80,00;     27.283;         23,90;     45.825;         15,90;     96.470;         14,30;    135.575;         12,70;    582.636;          8,90
13.02.2024;20;45;48; 7;22;10;12; 25.140.766,00;    Jackpot; 10.000.000,00;          2;    540.526,40;          2;    304.831,70;         11;      9.142,00;        316;        397,70;        650;        212,70;        787;        127,70;      9.232;         34,70;     14.687;         24,30;     39.374;         17,20;     49.755;         17,00;    215.359;         11,80
16.02.2024;17;18;11; 7;34; 5; 3; 39.985.072,00;    Jackpot; 17.197.312,96;          1;  1.719.358,10;          4;    242.409,50;         45;      3.554,20;        830;        240,80;      2.384;         95,00;      1.613;         95,00;     32.406;         15,70;     39.840;         14,70;     72.197;         14,70;    147.009;          9,10;    537.828;          7,50
20.02.2024;15; 1;30; 3;11; 4;10; 27.261.184,00;    Jackpot; 22.104.326,08;          3;    390.743,60;          7;     94.440,50;         22;      4.956,50;        511;        266,70;      1.023;        146,50;      1.287;         84,70;     13.523;         25,70;     20.514;         18,90;     50.049;         14,70;     69.908;         13,10;    280.000;          9,80
23.02.2024;22;19;41;10;37; 2; 6; 43.185.796,00;          2; 15.495.760,40;          4;    464.247,30;         11;     95.205,00;         49;      3.525,30;        766;        281,80;      1.774;        133,80;      1.620;        106,60;     25.437;         21,60;     32.477;         18,90;     68.901;         16,90;    135.064;         10,70;    454.071;          9,60
27.02.2024;38;17;30;49;15;11; 1; 24.007.036,00;    Jackpot; 10.000.000,00;          1;  1.032.302,50;          1;    582.170,60;         11;      8.729,80;        313;        383,40;        564;        234,10;        834;        115,10;      8.645;         35,40;     13.630;         25,00;     37.280;         17,40;     46.195;         17,40;    203.674;         11,90
01.03.2024;41;26;30;34;13; 7; 3; 40.444.064,00;    Jackpot; 17.279.931,52;          2;    869.547,30;          7;    140.109,70;         53;      3.052,30;        701;        288,40;      2.429;        101,10;      1.368;        101,10;     34.726;         17,40;     30.985;         17,40;     59.109;         17,40;    187.144;          8,70;    435.651;          8,70
05.03.2024;30;40; 2;31;20;12; 8; 27.133.078,00;    Jackpot; 22.163.885,56;          1;  1.166.722,30;          5;    131.595,40;         15;      7.235,40;        373;        363,70;        684;        218,10;        832;        130,40;      9.877;         35,00;     16.824;         22,90;     40.218;         18,20;     53.805;         17,00;    234.903;         11,70
08.03.2024; 2;49;11;23;17;12; 4; 43.584.222,00;          1; 30.529.950,70;          5;    374.824,30;          8;    132.114,60;         19;      9.175,60;        734;        296,80;      1.070;        224,00;      2.145;         81,20;     15.710;         35,30;     31.893;         19,40;     87.327;         15,70;     80.369;         15,70;    426.773;         10,30
12.03.2024; 8; 2;11;16;20;10; 4; 24.460.302,00;    Jackpot; 10.000.000,00;          3;    350.597,60;          5;    118.632,40;         17;      5.755,30;        625;        195,60;      1.111;        121,00;      1.572;         62,20;     13.658;         22,80;     22.271;         15,60;     53.925;         12,30;     66.017;         12,30;    272.729;          9,10
15.03.2024;16;49;30;25;20; 3;10; 39.782.954,00;    Jackpot; 17.160.931,72;          1;  1.710.667,00;          4;    241.184,10;         40;      3.978,20;        580;        342,90;      1.409;        155,20;      1.216;        130,80;     21.203;         23,90;     29.161;         19,40;     62.772;         17,10;    113.668;         11,80;    398.944;         10,10
19.03.2024; 1;32;49;20;28; 3;10; 26.867.186,00;    Jackpot; 21.997.025,20;    Jackpot;  1.155.289,00;          3;    217.176,40;         13;      8.266,80;        354;        379,40;        872;        169,40;        745;        144,20;     15.116;         23,00;     16.289;         23,00;     36.250;         20,00;     77.670;         11,60;    261.685;         10,40
22.03.2024;37;50;17; 5;36; 7; 3; 41.992.946,00;    Jackpot; 30.107.554,28;          3;    986.995,20;          5;    203.665,70;         43;      3.906,30;        636;        330,10;      2.385;        108,10;      1.305;        108,10;     35.944;         17,90;     29.999;         17,90;     60.643;         17,90;    192.984;          8,80;    449.072;          8,80
26.03.2024;17;15;30;12;32; 1; 6; 29.899.170,00;    Jackpot; 37.410.336,80;          1;  1.285.664,30;          7;    103.579,20;         20;      5.979,80;        481;        310,80;        985;        166,90;      1.088;        109,90;     14.118;         27,00;     21.474;         19,80;     50.392;         16,00;     73.583;         13,70;    301.125;         10,00
29.03.2024; 7;39;11;31;30; 5;10; 45.867.754,00;    Jackpot; 47.038.509,42;          1;  1.972.313,40;          7;    158.899,00;         35;      5.242,00;        747;        307,00;      1.716;        147,00;      1.583;        115,90;     24.953;         23,40;     33.849;         19,30;     75.321;         16,40;    130.501;         11,80;    487.595;          9,50
02.04.2024;45;14;32;29;17; 2; 1; 31.301.330,00;    Jackpot; 54.772.788,40;          5;    269.191,40;         11;     69.005,20;         13;      9.631,10;        655;        238,90;        889;        193,60;      1.609;         77,80;     13.068;         30,50;     22.331;         19,90;     54.996;         15,30;     70.354;         15,00;    311.671;         10,10
05.04.2024;16;30; 5;37; 8;10; 1; 51.892.106,00;    Jackpot; 65.558.217,68;          4;    557.840,10;         18;     69.910,10;         30;      6.918,90;        841;        308,50;      1.735;        164,40;      2.074;        100,00;     24.209;         27,30;     35.862;         20,60;     91.830;         15,20;    127.005;         13,70;    500.628;         10,50
09.04.2024;27; 7;43;21; 1; 1; 3; 40.439.460,00;    Jackpot; 75.201.361,30;          2;    869.448,30;          4;    245.164,20;         31;      5.217,90;        757;        267,10;      1.571;        141,50;      1.699;         95,20;     20.986;         24,50;     33.174;         17,30;     68.632;         15,90;    102.611;         13,30;    449.047;          9,10
12.04.2024; 1;39;49;34;47; 1;12; 63.373.716,00;    Jackpot; 88.451.343,08;    Jackpot;  2.725.069,79;          7;    219.544,60;         28;      9.053,30;        718;        441,30;      1.652;        210,90;      1.870;        135,50;     23.631;         34,10;     33.771;         26,70;     89.014;         19,20;    127.107;         16,80;    500.947;         12,80
16.04.2024;48;36;37;35;41;12; 1; 55.830.692,00;    Jackpot;101.382.346,37;          1;  5.125.789,50;          8;    169.236,70;         39;      5.726,20;        581;        480,40;      1.475;        208,10;      1.547;        144,30;     21.401;         33,20;     28.932;         27,40;     76.211;         19,70;    118.042;         15,90;    438.891;         12,90
19.04.2024;21;14; 8;36;34; 2; 1; 86.119.940,00;    Jackpot;119.419.361,50;          5;    740.631,40;         19;    109.916,20;         55;      6.263,20;      1.542;        279,20;      2.623;        180,50;      3.708;         92,90;     37.911;         28,90;     61.980;         19,80;    145.545;         15,90;    201.208;         14,40;    867.363;         10,00
23.04.2024;35; 6; 2; 3;15; 1; 3; 77.461.662,00;          2; 60.000.000,00;          6;  3.443.196,40;          3;    626.148,40;         48;      6.455,10;      1.171;        330,70;      2.740;        155,40;      2.589;        119,60;     39.087;         25,20;     58.326;         18,90;    122.370;         17,00;    200.251;         13,00;    830.086;          9,40
26.04.2024;47;29;18; 3;23; 5;12; 43.239.614,00;    Jackpot; 11.355.315,62;          3;    619.767,80;         11;     95.323,60;         27;      6.405,80;        750;        288,20;      1.100;        216,10;      1.867;         92,60;     15.860;         34,70;     30.309;         20,30;     79.345;         16,30;     81.495;         16,30;    418.702;         10,40
30.04.2024;20;33;45;37; 4; 9; 8; 29.769.066,00;    Jackpot; 18.701.052,68;          6;    250.246,20;          2;    250.246,20;         20;      5.953,80;        508;        293,00;        900;        181,90;        966;        123,20;     13.908;         27,20;     21.083;         20,10;     42.727;         18,80;     74.850;         13,40;    311.648;          9,60
03.05.2024; 9;45;40;36;17; 5; 7; 41.737.776,00;    Jackpot; 27.587.198,38;          6;    299.120,70;          8;    126.517,60;         42;      3.975,00;        599;        348,30;      1.778;        130,90;      1.251;        130,90;     26.337;         20,20;     29.487;         20,10;     58.720;         19,10;    145.069;          9,70;    437.524;          9,60
07.05.2024;11;35;32;33; 3; 3;11; 31.194.216,00;    Jackpot; 35.125.654,98;          1;  1.341.351,20;          3;    252.153,20;         32;      3.899,20;        431;        361,80;      1.374;        125,40;        988;        125,40;     16.939;         23,40;     22.226;         19,90;     48.081;         17,50;     78.727;         13,30;    335.215;          9,40
10.05.2024;45;28;39;31;49;11; 8; 45.846.066,00;    Jackpot; 44.807.202,58;          3;    657.126,90;          8;    138.970,80;         22;      8.335,60;        552;        415,20;      1.141;        220,90;      1.336;        137,20;     16.527;         35,30;     26.015;         25,10;     63.206;         19,50;     87.926;         17,50;    396.403;         11,70
14.05.2024;19;27;22;24;23; 1; 6; 35.494.868,00;    Jackpot; 53.290.436,44;          3;    508.759,70;         15;     57.383,30;         23;      6.173,00;        571;        310,80;      1.230;        158,70;      1.345;        105,50;     18.034;         25,00;     26.938;         18,70;     61.724;         15,50;     90.758;         13,10;    385.910;          9,30
17.05.2024;29;48; 2;36; 1;11; 1; 52.751.016,00;    Jackpot; 64.411.198,78;          4;    567.073,40;          7;    182.744,50;         21;     10.047,80;        572;        461,10;      1.350;        214,90;      1.532;        137,70;     18.731;         35,90;     29.215;         25,70;     75.534;         18,80;    102.705;         17,30;    437.100;         12,20
21.05.2024;31;33;38;23; 7;10;11; 39.686.080,00;    Jackpot; 73.958.964,70;    Jackpot;  1.706.501,44;          5;    192.477,40;         29;      5.473,90;        524;        378,60;      1.018;        214,40;      1.412;        112,40;     15.204;         33,20;     26.463;         21,30;     69.306;         16,20;     78.718;         16,20;    376.843;         10,60
24.05.2024; 4;45;21; 3; 2;12; 6; 60.513.670,00;    Jackpot; 86.687.025,66;          5;    861.717,80;         15;     97.830,40;         39;      6.206,50;        734;        412,20;      1.579;        210,70;      1.872;        129,30;     23.232;         33,20;     38.661;         22,30;    100.285;         16,40;    123.028;         16,40;    548.461;         11,10
28.05.2024;27;13;46;35;26; 3; 4; 52.651.142,00;    Jackpot; 98.956.015,86;          5;    452.799,80;          4;    319.197,50;         30;      7.020,10;        968;        271,90;      2.029;        142,70;      1.825;        115,30;     27.132;         24,70;     45.008;         16,80;     83.891;         16,80;    140.622;         12,60;    610.683;          8,70
31.05.2024;45;23;34;39; 4; 7; 6; 79.791.780,00;    Jackpot;115.731.906,80;          4;    857.761,60;         12;    161.245,80;         73;      4.372,10;      1.386;        287,80;      2.965;        148,00;      2.824;        113,00;     40.967;         24,80;     59.401;         19,10;    123.989;         17,30;    219.713;         12,20;    836.410;          9,60
04.06.2024;24; 1; 3;43;49; 4; 2; 73.342.924,00;          1;120.000.000,00;          2;  7.886.590,60;         13;    136.812,70;         45;      6.519,30;        955;        383,90;      2.372;        170,00;      2.282;        128,50;     36.664;         25,50;     48.408;         21,50;    107.076;         18,40;    198.640;         12,40;    737.973;         10,00
07.06.2024;37;45;29; 8;15;10; 5; 42.973.866,00;    Jackpot; 11.127.482,48;          5;    369.575,20;          8;    130.264,50;         56;      3.069,50;        928;        231,50;      1.720;        137,40;      2.058;         83,50;     24.192;         22,60;     32.266;         18,90;     71.290;         16,20;    122.133;         11,80;    436.052;         10,00
11.06.2024;16;31;29;12; 4; 1; 9; 29.025.846,00;    Jackpot; 18.305.730,88;    Jackpot;  1.248.111,38;          8;     87.984,50;         36;      3.225,00;        560;        259,10;      1.110;        143,80;      1.426;         81,40;     14.906;         24,80;     22.433;         18,40;     52.942;         14,80;     74.883;         13,00;    301.619;          9,70
14.06.2024;10;46;42;21;27; 2; 6; 43.549.038,00;    Jackpot; 27.478.789,76;          3;  1.040.240,00;          8;    132.008,00;         32;      5.443,60;        678;        321,10;      1.632;        146,70;      1.286;        135,40;     23.574;         23,50;     29.364;         21,10;     62.769;         18,70;    128.671;         11,40;    440.502;         10,00
18.06.2024;24; 4;10;45;23; 8; 7; 31.481.444,00;    Jackpot; 35.127.810,32;          2;    676.851,00;          6;    127.237,50;         23;      5.475,00;        564;        279,00;      1.280;        135,20;      1.129;        111,50;     17.058;         23,50;     26.179;         17,10;     51.254;         16,50;     87.162;         12,10;    363.177;          8,70
21.06.2024; 2;22;24;40;30; 6; 5; 46.045.718,00;    Jackpot; 44.882.239,14;          3;    659.988,60;          7;    159.515,50;         28;      6.577,90;        619;        371,90;      1.465;        172,80;      1.298;        141,80;     22.776;         25,70;     30.931;         21,20;     65.156;         19,00;    124.460;         12,40;    472.464;          9,80
25.06.2024;45; 8;31;14;25; 3;12; 34.110.942,00;    Jackpot; 53.156.172,86;          3;    488.923,50;          6;    137.865,00;         23;      5.932,30;        536;        318,10;      1.014;        185,00;      1.327;        102,80;     14.601;         29,70;     22.822;         21,20;     54.719;         16,80;     76.709;         15,00;    332.304;         10,40
28.06.2024; 1; 8;45;43;30;12;10; 51.337.300,00;    Jackpot; 63.944.125,80;          2;  1.103.751,90;          9;    138.325,50;         26;      7.898,00;        625;        410,60;      1.168;        241,70;      1.533;        133,90;     17.769;         36,80;     27.089;         27,00;     72.610;         19,00;     97.018;         17,80;    417.420;         12,40
02.07.2024;30;40;10;32;29;12; 6; 41.284.098,00;    Jackpot; 73.733.398,24;          3;    591.738,70;          5;    200.227,80;         26;      6.351,30;        496;        416,10;      1.250;        181,60;      1.196;        138,00;     16.389;         32,10;     25.462;         23,10;     62.792;         17,70;     87.478;         15,90;    356.977;         11,70
05.07.2024;25;32; 4;11;16;11; 1; 59.669.426,00;    Jackpot; 86.351.675,18;          5;    513.157,00;         11;    131.543,90;         34;      7.019,90;        934;        319,40;      1.630;        201,30;      2.831;         84,30;     23.370;         32,50;     39.367;         21,50;    112.116;         15,30;    123.427;         15,30;    546.717;         11,00
09.07.2024;25;44; 5;26;14; 8;10; 50.432.612,00;          1; 98.183.614,80;          5;    433.720,40;          3;    407.663,60;         50;      4.034,60;        841;        299,80;      1.691;        164,00;      1.888;        106,80;     23.755;         27,00;     37.355;         19,20;     82.786;         16,40;    120.556;         14,10;    532.528;          9,60
12.07.2024;30; 2;32;34;14; 3; 4; 40.689.308,00;    Jackpot; 10.000.000,00;          3;    583.213,40;          9;    109.635,00;         31;      5.250,20;        615;        330,80;      1.441;        155,30;      1.164;        139,80;     20.340;         25,50;     29.709;         19,50;     57.208;         19,20;    111.006;         12,30;    440.021;          9,30
16.07.2024;43; 8;36;27;22; 5; 8; 28.489.540,00;    Jackpot; 16.615.364,20;    Jackpot;  1.225.050,22;          3;    230.290,40;         33;      3.453,20;        558;        255,20;      1.593;        100,50;      1.099;        100,50;     20.823;         17,70;     22.618;         17,70;     45.865;         16,70;    105.914;          9,30;    308.382;          9,30
19.07.2024;26;13;32;18;22;10;11; 41.881.200,00;    Jackpot; 25.440.004,38;          5;    605.188,30;          7;    145.088,40;         19;      8.817,00;        599;        349,50;      1.016;        226,70;      1.829;         91,50;     14.166;         37,60;     26.567;         22,40;     77.900;         16,60;     75.198;         16,60;    378.291;         11,20
23.07.2024;24;21; 9;38;13; 6;12; 31.446.758,00;    Jackpot; 33.005.312,14;          3;    450.736,80;          8;     95.322,90;         24;      5.241,10;        550;        285,80;        962;        179,70;      1.507;         83,40;     13.869;         28,90;     22.859;         19,60;     62.443;         14,30;     70.540;         14,30;    313.542;         10,10
26.07.2024;46; 7;26;22;11;11; 5; 45.740.058,00;          2; 21.343.939,10;          7;    280.974,60;         16;     69.324,70;         35;      5.227,40;        877;        260,70;      1.405;        179,00;      1.963;         93,20;     19.632;         29,70;     35.228;         18,50;     85.413;         15,20;     96.917;         15,20;    475.519;          9,70
30.07.2024;49; 2;16;31;30; 5; 2; 26.297.122,00;    Jackpot; 10.000.000,00;          2;    565.388,10;          3;    212.568,40;         24;      4.382,80;        404;        325,40;        969;        149,20;        903;        116,40;     13.770;         24,30;     17.670;         21,20;     37.572;         18,80;     76.335;         11,60;    265.831;         10,00
02.08.2024;20;26;30;31;14; 2; 1; 40.659.014,00;    Jackpot; 17.318.622,52;          6;    291.389,60;          4;    246.495,20;         25;      6.505,40;        613;        331,60;      1.328;        168,30;      1.453;        111,90;     18.244;         28,40;     27.588;         21,00;     61.816;         17,70;     95.128;         14,40;    396.799;         10,40
06.08.2024; 9;22;35;32; 4; 9;10; 29.237.936,00;    Jackpot; 22.581.451,00;          1;  1.257.231,20;          2;    354.509,90;         15;      7.796,70;        456;        320,50;        861;        186,70;      1.037;        112,70;     12.610;         29,50;     21.046;         19,70;     47.295;         16,60;     67.459;         14,60;    308.024;          9,60
09.08.2024;15;35;29;25;18; 5; 1; 43.811.942,00;    Jackpot; 31.669.940,86;          2;    941.956,70;         13;     81.726,10;         34;      5.154,30;        731;        299,60;      1.577;        152,80;      1.503;        116,50;     21.621;         25,80;     33.513;         18,60;     68.985;         17,10;    112.631;         13,10;    453.264;          9,80
13.08.2024;50;33; 6;34; 9; 7; 1; 32.229.490,00;    Jackpot; 39.456.138,50;          1;  1.385.868,00;          2;    390.782,50;         30;      4.297,20;        485;        332,20;      1.128;        157,10;      1.020;        126,30;     16.008;         25,60;     22.246;         20,60;     47.122;         18,40;     87.082;         12,40;    333.138;          9,80
16.08.2024;50;16;46;11; 4; 1; 3; 46.581.494,00;    Jackpot; 49.311.057,02;          3;    667.668,00;          7;    161.371,60;         25;      7.453,00;        599;        388,80;      1.433;        178,70;      1.290;        144,40;     22.013;         26,90;     31.168;         21,20;     65.478;         19,20;    119.982;         13,10;    472.851;          9,90
20.08.2024;31;28;29;33;25; 6;12; 35.334.832,00;    Jackpot; 57.820.152,36;          2;    759.698,80;          5;    171.373,90;         19;      7.438,90;        464;        380,70;        968;        200,70;      1.137;        124,30;     14.703;         30,60;     21.147;         23,80;     52.211;         18,20;     80.222;         14,80;    318.804;         11,20
23.08.2024;26;13;21;48;22; 2; 7; 52.086.270,00;    Jackpot; 68.811.628,50;          5;    447.941,90;          5;    252.618,40;         35;      5.952,70;        754;        345,30;      2.265;        128,50;      1.583;        128,50;     34.929;         19,00;     39.416;         18,80;     80.789;         17,40;    179.412;          9,70;    582.357;          9,00
27.08.2024;15;24;39;33;29; 9; 2; 41.358.706,00;    Jackpot; 78.665.921,98;          2;    889.212,10;          9;    111.438,70;         33;      5.013,10;        624;        331,30;      1.602;        141,90;      1.413;        117,00;     23.890;         22,00;     30.004;         19,60;     64.544;         17,30;    126.134;         11,00;    429.414;          9,70
30.08.2024; 8;48;11;25;31;12;11; 66.331.440,00;          1; 92.511.126,90;          6;    475.375,30;         22;     73.115,30;         34;      7.803,60;      1.007;        329,30;      1.712;        213,00;      2.904;         91,30;     25.599;         33,00;     39.608;         23,80;    120.076;         15,90;    132.747;         15,90;    548.783;         12,20
03.09.2024;17; 5;36;37;23; 9; 5; 28.506.806,00;          1; 10.000.000,00;          3;    408.597,50;         10;     69.129,00;         53;      2.151,40;        751;        189,70;      1.660;         94,40;      1.656;         68,80;     19.519;         18,60;     26.432;         15,30;     54.458;         14,10;     92.591;         10,30;    333.255;          8,60
06.09.2024;27; 7;42;11;45;10; 3; 39.080.274,00;    Jackpot; 10.000.000,00;          3;    560.150,50;          4;    236.924,10;         33;      4.737,00;        720;        271,30;      1.750;        122,80;      1.577;         99,10;     24.317;         20,40;     32.014;         17,30;     68.254;         15,40;    117.413;         11,20;    447.320;          8,80
10.09.2024;31;10; 7;46;41; 1; 5; 28.521.782,00;    Jackpot; 15.133.920,76;          1;  1.226.436,60;          2;    345.826,60;         14;      8.149,00;        383;        372,30;        842;        186,30;        799;        142,70;     12.798;         28,40;     17.516;         23,20;     38.851;         19,80;     70.735;         13,60;    273.481;         10,50
13.09.2024;44;40; 3; 2;17; 8; 4; 45.546.560,00;    Jackpot; 23.332.301,56;    Jackpot;  1.958.502,08;          6;    184.084,00;         50;      3.643,70;        658;        346,00;      2.557;        111,20;      1.332;        111,20;     36.929;         18,50;     31.078;         18,50;     64.664;         18,50;    184.035;          9,30;    474.282;          9,30
17.09.2024;44;13; 1; 3;24;11;12; 31.244.250,00;    Jackpot; 30.684.740,12;    Jackpot;  3.302.004,83;          6;    126.278,80;         24;      5.207,30;        439;        355,80;        899;        191,10;      1.537;         81,30;     12.520;         31,80;     19.147;         23,20;     62.174;         14,90;     64.497;         14,90;    269.554;         11,70
20.09.2024;17;19;39; 9;26; 4;10; 45.998.580,00;    Jackpot; 40.400.014,47;          4;  1.319.985,90;          9;    123.940,60;         51;      3.607,70;        885;        259,80;      1.955;        129,40;      2.122;         86,70;     25.200;         23,20;     38.704;         16,90;     89.645;         13,80;    124.893;         12,40;    508.185;          9,10
24.09.2024;43; 3;34;41;13; 5; 1; 33.661.708,00;    Jackpot; 48.585.397,94;          2;    723.726,70;         12;     68.024,70;         16;      8.415,40;        460;        365,80;      1.114;        166,10;      1.275;        105,60;     15.390;         27,80;     23.359;         20,50;     54.502;         16,60;     83.557;         13,50;    330.172;         10,30
27.09.2024;41;29;15; 6;25; 1; 3; 50.748.734,00;    Jackpot; 59.265.351,22;          3;    727.398,50;          4;    307.664,20;         37;      5.486,30;        723;        350,90;      1.686;        165,50;      1.577;        128,70;     24.651;         26,20;     34.563;         20,90;     74.830;         18,30;    130.871;         13,00;    514.182;         10,00
01.10.2024;17;42;45;50;37; 6; 7; 39.706.888,00;    Jackpot; 68.719.892,04;          2;    853.698,00;          7;    137.556,00;         31;      5.123,40;        501;        396,20;      1.367;        159,70;      1.130;        140,50;     20.227;         25,00;     25.745;         21,90;     53.488;         20,00;    113.872;         11,70;    390.846;         10,30
04.10.2024;16;27; 4;34;44; 7; 4; 58.104.076,00;          1; 80.982.878,60;          1;  2.498.475,20;          8;    176.127,90;         97;      2.396,00;      1.083;        268,20;      3.747;         92,50;      2.217;         92,50;     46.520;         16,30;     49.610;         16,30;     95.598;         16,30;    219.741;          8,90;    658.868;          8,90
08.10.2024;13;29;42;44;48; 8; 2; 27.049.704,00;    Jackpot; 10.000.000,00;          3;    454.773,10;          1;    454.773,10;         24;      4.508,20;        433;        312,30;      1.001;        148,60;        941;        114,90;     15.525;         22,20;     18.214;         21,10;     39.694;         18,30;     86.352;         10,50;    266.893;         10,20
11.10.2024;44;11; 8;23;45;10;12; 40.617.690,00;    Jackpot; 17.311.184,20;          2;    873.280,30;          6;    164.163,10;         27;      6.017,40;        591;        343,60;      1.226;        182,20;      1.855;         87,50;     15.844;         32,60;     25.694;         22,50;     77.739;         15,80;     78.188;         15,80;    363.807;         11,30
15.10.2024;45;38;44;20; 9;12; 4; 29.568.204,00;    Jackpot; 23.266.629,42;    Jackpot;  1.271.432,77;          2;    358.514,40;         18;      6.570,70;        400;        369,60;        761;        213,60;        808;        146,30;     11.175;         33,70;     17.809;         23,60;     42.205;         18,90;     59.566;         16,70;    267.562;         11,20
18.10.2024; 2;40; 4;30;23; 4;10; 44.553.208,00;    Jackpot; 32.626.686,97;          3;  1.062.406,90;          2;    540.207,60;         30;      5.940,40;        629;        354,10;      1.551;        157,90;      1.408;        126,50;     23.071;         24,60;     30.046;         21,10;     65.087;         18,40;    120.199;         12,50;    450.036;         10,00
22.10.2024;47;36; 4;38;32; 9; 3; 32.523.074,00;    Jackpot; 40.515.742,42;          1;  1.398.492,10;          1;    788.684,50;         35;      3.716,90;        467;        348,20;      1.363;        138,70;        864;        138,70;     20.540;         20,90;     21.458;         20,90;     43.819;         20,00;    114.384;          9,90;    326.077;          9,90
25.10.2024;42; 2;36;50;19; 9; 4; 48.496.222,00;    Jackpot; 50.748.981,56;          3;    695.112,50;          4;    294.008,30;         39;      4.973,90;        671;        361,30;      1.918;        139,00;      1.507;        128,70;     28.183;         22,00;     31.209;         22,00;     67.787;         19,30;    156.931;         10,50;    465.053;         10,50
29.10.2024;49;26;30;17; 3; 1;10; 35.821.604,00;    Jackpot; 59.411.578,22;          3;    513.442,90;          7;    124.096,20;         39;      3.674,00;        649;        275,90;      1.393;        141,40;      1.402;        102,20;     17.453;         26,10;     25.069;         20,30;     61.730;         15,60;     87.969;         13,70;    349.774;         10,30
01.11.2024;21;13;41;28;27; 1; 3; 52.763.668,00;    Jackpot; 70.565.090,44;          2;  1.134.418,80;         10;    127.951,80;         60;      3.517,50;        860;        306,70;      2.081;        139,40;      1.788;        118,00;     28.753;         23,30;     40.857;         18,40;     85.855;         16,50;    142.554;         12,40;    582.030;          9,20
05.11.2024;29;43;36;22;38; 6; 1; 43.068.752,00;    Jackpot; 80.716.929,76;          1;  1.851.956,30;          6;    174.069,50;         31;      5.557,20;        682;        315,70;      1.334;        177,50;      1.776;         97,00;     18.732;         29,30;     28.797;         21,30;     70.120;         16,50;    102.624;         14,10;    402.551;         10,80
08.11.2024;23;38; 6;42;45;12; 9; 67.453.730,00;    Jackpot; 94.833.838,00;          8;    362.563,70;          9;    181.750,30;         30;      8.993,80;      1.127;        299,20;      1.745;        212,60;      2.761;         97,70;     25.331;         33,90;     44.669;         21,50;    110.839;         16,80;    132.356;         16,80;    623.998;         10,90
12.11.2024; 2;49;38; 3;34;10;11; 61.140.570,00;    Jackpot;108.933.964,20;          3;    876.348,10;          9;    164.739,80;         40;      6.114,00;        797;        383,50;      1.640;        205,00;      1.802;        135,70;     24.048;         32,40;     37.127;         23,40;     89.872;         18,30;    128.936;         16,00;    562.192;         11,00
15.11.2024;46;35;31;50;27; 3;10; 91.675.966,00;    Jackpot;120.000.000,00;          3;  4.053.457,00;         18;    123.507,80;         57;      6.433,40;      1.212;        378,20;      2.985;        168,90;      2.792;        131,30;     46.180;         25,30;     56.164;         23,20;    124.800;         19,80;    259.761;         11,90;    859.478;         10,80
19.11.2024; 4;26;19;27; 7; 5; 4; 75.976.616,00;    Jackpot;120.000.000,00;          8;  2.637.766,50;         16;    115.152,00;         93;      3.267,80;      2.086;        182,10;      3.530;        118,30;      3.696;         82,20;     43.814;         22,10;     78.541;         13,80;    148.184;         13,80;    206.554;         12,40;    961.764;          8,00
22.11.2024;30;10;41; 6;34; 7;10; 98.728.608,00;    Jackpot;120.000.000,00;          6;  4.243.653,00;          8;    299.271,00;         74;      5.336,60;      1.526;        323,40;      3.102;        175,00;      3.102;        127,30;     46.773;         26,90;     65.987;         21,30;    142.091;         18,70;    252.609;         13,10;    984.713;         10,10
26.11.2024;37;20;32;21;28; 1; 5; 82.415.512,00;    Jackpot;120.000.000,00;          2; 11.465.283,30;          7;    285.510,80;         53;      6.220,00;      1.096;        375,90;      2.500;        181,30;      2.744;        120,10;     36.866;         28,50;     52.119;         22,50;    121.576;         18,30;    199.627;         13,90;    799.024;         10,40
29.11.2024;24;40;25;19;10; 5; 9;106.512.848,00;    Jackpot;120.000.000,00;          9;  3.058.396,80;         12;    215.244,70;         85;      5.012,30;      1.663;        320,20;      4.153;        141,00;      3.627;        117,40;     63.110;         21,50;     77.660;         19,50;    160.981;         17,80;    341.062;         10,50;  1.125.756;          9,60
03.12.2024;20;24;37; 7;23;10; 4; 92.088.722,00;    Jackpot;120.000.000,00;          7;  3.623.125,90;         17;    131.361,80;         97;      3.797,40;      1.727;        266,60;      3.862;        131,10;      3.815;         96,50;     52.582;         22,30;     73.029;         17,90;    166.142;         14,90;    267.876;         11,60;  1.017.306;          9,10
06.12.2024;14;45;50;47; 8; 2;12;109.763.182,00;          2; 60.000.000,00;          2; 14.364.616,80;         12;    221.813,00;         67;      6.553,00;      1.387;        395,60;      2.962;        203,80;      2.921;        150,30;     44.202;         31,60;     63.143;         24,70;    146.604;         20,20;    240.603;         15,30;    968.710;         11,50
10.12.2024;23;17;43;30;41;11; 4; 33.608.358,00;    Jackpot; 11.022.512,84;          5;    289.031,80;          8;    101.875,30;         26;      5.170,50;        532;        315,80;      1.003;        184,20;      1.058;        127,00;     14.582;         29,30;     21.617;         22,10;     51.415;         17,60;     77.412;         14,60;    318.952;         10,60
13.12.2024;19;42; 4;35; 1; 1; 3; 48.545.736,00;          1; 21.312.702,50;          4;    521.866,60;          9;    130.803,70;         31;      6.263,90;        736;        329,70;      1.522;        175,40;      1.512;        128,40;     24.748;         25,00;     34.182;         20,20;     70.851;         18,40;    132.233;         12,30;    503.099;          9,70
17.12.2024;14;35;42;18;11; 4;11; 29.788.884,00;    Jackpot; 10.000.000,00;          6;    213.487,00;          7;    103.197,20;         18;      6.619,70;        489;        304,50;        987;        165,90;      1.138;        104,70;     13.212;         28,70;     20.165;         21,00;     49.292;         16,30;     69.768;         14,40;    289.138;         10,40
20.12.2024; 3;10;32; 1;44; 8; 1; 44.812.676,00;    Jackpot; 18.066.281,68;          3;    642.315,00;          4;    271.676,80;         41;      4.371,90;        662;        338,40;      1.563;        157,60;      1.314;        136,40;     22.978;         24,80;     31.514;         20,20;     66.467;         18,20;    119.736;         12,60;    462.014;          9,80
24.12.2024;36;15;39;28; 9; 6; 7; 38.469.230,00;    Jackpot; 26.010.797,10;          7;    236.310,90;         13;     71.759,90;         33;      4.662,90;        795;        241,90;      1.771;        119,40;      1.624;         94,70;     22.743;         21,50;     31.101;         17,60;     61.322;         16,90;    111.087;         11,60;    422.596;          9,20
27.12.2024;27; 9;37; 1;25; 6; 8; 44.495.134,00;    Jackpot; 35.782.397,12;          5;    382.658,10;          8;    134.875,80;         32;      5.561,80;        710;        313,30;      1.629;        150,20;      1.470;        121,00;     25.022;         22,60;     32.426;         19,50;     71.576;         16,70;    131.041;         11,40;    477.419;          9,40

Spieleinsätze und Quoten in EUR

Alle Angaben ohne Gewähr



     Datum;      5 aus 50;   EZ;  Spieleinsatz; Anz. Kl. 1;   Quote Kl. 1; Anz. Kl. 2;   Quote Kl. 2; Anz. Kl. 3;   Quote Kl. 3; Anz. Kl. 4;   Quote Kl. 4; Anz. Kl. 5;   Quote Kl. 5; Anz. Kl. 6;   Quote Kl. 6; Anz. Kl. 7;   Quote Kl. 7; Anz. Kl. 8;   Quote Kl. 8; Anz. Kl. 9;   Quote Kl. 9;Anz. Kl. 10;  Quote Kl. 10;Anz. Kl. 11;  Quote Kl. 11;Anz. Kl. 12;  Quote Kl. 12
31.12.2024;26;34;49; 2;21; 7;12; 48.421.928,00;    Jackpot; 46.546.794,34;          1;  2.082.142,90;          7;    167.747,30;         27;      7.173,60;        694;        348,80;      1.401;        190,00;      1.702;        113,80;     20.357;         30,30;     32.025;         21,50;     76.517;         17,00;    107.455;         15,20;    466.669;         10,50
03.01.2025;27;21;20;29; 1;10; 8; 51.858.936,00;    Jackpot; 58.084.929,68;          6;    371.655,70;          7;    179.654,10;         37;      5.606,30;        760;        341,10;      1.631;        174,80;      1.701;        121,90;     23.443;         28,20;     34.524;         21,40;     77.928;         17,90;    123.542;         14,10;    519.896;         10,10
07.01.2025;16;44;20; 1;23; 9; 5; 40.752.716,00;    Jackpot; 67.780.936,18;          1;  1.752.366,70;          4;    247.063,30;         44;      3.704,70;        673;        302,70;      1.639;        136,70;      1.333;        122,20;     24.664;         21,00;     28.746;         20,20;     62.614;         17,50;    134.912;         10,10;    431.814;          9,50
10.01.2025;38;17;42;48;34; 2;11; 59.828.392,00;          1; 80.437.425,70;          4;    643.155,20;          9;    161.204,20;         51;      4.692,40;        932;        320,90;      2.148;        153,10;      2.293;        104,30;     28.247;         27,00;     40.279;         21,10;     99.451;         16,20;    142.808;         14,10;    556.830;         10,90
14.01.2025;30;20;11;17;10; 2; 6; 29.668.956,00;    Jackpot; 10.000.000,00;          6;    212.627,50;         16;     44.967,00;         39;      3.042,90;        736;        201,50;      1.375;        118,60;      2.015;         58,80;     16.903;         22,30;     26.714;         15,80;     62.762;         12,70;     84.165;         11,80;    325.599;          9,20
17.01.2025;31;18; 9; 7;14; 7; 8; 43.315.802,00;    Jackpot; 17.796.844,36;          3;    620.859,80;         12;     87.534,00;         41;      4.225,90;      1.113;        194,50;      1.805;        131,90;      1.966;         88,10;     25.335;         21,70;     42.583;         15,10;     75.668;         15,10;    120.576;         12,10;    564.469;          7,70
21.01.2025; 3;17;40;22;28; 9; 4; 31.610.528,00;    Jackpot; 24.907.512,34;          1;  1.359.252,70;          7;    109.507,90;         45;      2.809,80;        554;        285,20;      1.458;        119,20;      1.207;        104,70;     21.407;         18,80;     24.243;         18,50;     51.729;         16,40;    109.805;          9,70;    342.238;          9,30
24.01.2025;46;16; 2; 9;47; 9; 3; 46.468.464,00;    Jackpot; 34.729.563,92;          3;    666.047,90;          9;    125.206,60;         47;      3.954,70;        664;        349,90;      1.867;        141,10;      1.261;        141,10;     29.242;         20,80;     31.036;         20,80;     63.777;         19,60;    165.273;          9,70;    478.426;          9,70
28.01.2025;43; 7;28;46; 2;12; 5; 34.759.818,00;    Jackpot; 43.123.979,34;    Jackpot;  1.494.672,17;          9;     93.658,30;         24;      5.793,30;        486;        357,60;        955;        200,10;      1.127;        123,30;     13.994;         31,60;     22.422;         22,00;     54.646;         17,10;     75.089;         15,60;    328.407;         10,70
31.01.2025;47;32; 1;23;42;11; 4; 51.811.362,00;    Jackpot; 54.037.397,69;          4;    930.640,10;          4;    314.106,30;         38;      5.453,80;        625;        414,40;      1.364;        208,90;      1.451;        142,80;     21.161;         31,20;     30.050;         24,50;     71.572;         19,50;    114.084;         15,30;    457.866;         11,40
04.02.2025;41;21;10;18;42; 9; 3; 40.782.160,00;    Jackpot; 63.757.862,30;          2;    914.200,00;          1;    914.200,00;         24;      6.797,00;        521;        391,30;      1.576;        142,30;      1.172;        139,10;     24.909;         21,30;     26.661;         21,30;     56.529;         19,40;    137.998;         10,00;    409.014;         10,00
07.02.2025;27;33;15;45;17; 9; 5; 59.029.168,00;    Jackpot; 76.271.294,84;          3;    846.084,70;         14;    102.246,90;         85;      2.777,80;      1.264;        233,50;      3.109;        104,40;      2.630;         89,70;     39.432;         19,00;     49.610;         16,90;    102.714;         15,50;    193.803;         10,20;    665.189;          9,00
11.02.2025;47;12; 3;22;28; 1;12; 49.964.628,00;          1; 87.949.627,70;          3;    716.159,60;         12;    100.970,10;         34;      5.878,10;        738;        338,50;      1.567;        175,30;      2.177;         91,80;     22.292;         28,50;     33.677;         21,10;     93.959;         14,40;    115.738;         14,40;    464.579;         10,90
14.02.2025;45;18;14;12;50;10; 2; 42.966.628,00;          1; 10.008.887,30;          1;  1.847.565,00;          6;    173.656,70;         35;      4.910,40;        562;        382,20;      1.433;        164,90;      1.193;        144,00;     22.567;         24,20;     26.697;         22,90;     59.633;         19,40;    122.427;         11,80;    416.848;         10,40
18.02.2025;44; 1;19;14; 9; 2; 3; 28.405.290,00;    Jackpot; 10.000.000,00;          3;    477.563,90;          1;    477.563,90;         21;      5.410,50;        502;        282,90;      1.013;        154,20;      1.108;        102,50;     13.941;         25,90;     23.248;         17,40;     47.311;         16,20;     69.141;         13,80;    329.145;          8,70
21.02.2025;29;35;36;26;18;12;11; 42.506.558,00;    Jackpot; 17.651.180,44;          1;  1.827.781,90;          6;    171.797,30;         27;      6.297,20;        455;        467,10;        903;        258,80;      1.356;        125,30;     14.396;         37,60;     20.991;         28,80;     68.763;         17,60;     77.638;         17,60;    322.332;         13,30
25.02.2025;31;28;42;38;48;10; 3; 31.332.450,00;    Jackpot; 23.626.979,50;          1;  1.347.295,30;          2;    379.905,90;         14;      8.952,10;        426;        367,70;      1.068;        161,30;        940;        133,30;     15.762;         25,30;     19.658;         22,70;     43.129;         19,60;     90.213;         11,70;    288.586;         11,00
28.02.2025;21; 3;20; 4;13; 8;12; 46.950.046,00;    Jackpot; 33.497.442,98;          4;    504.712,90;          8;    142.317,30;         25;      7.512,00;        854;        274,80;      1.263;        204,40;      2.277;         82,40;     17.473;         34,20;     35.321;         18,90;     91.325;         15,60;     91.117;         15,60;    478.514;          9,90
04.03.2025;48; 4;35;12;37; 4;10; 35.111.424,00;    Jackpot; 41.967.335,52;          2;    754.895,60;          9;     94.605,70;         25;      5.617,80;        566;        310,10;      1.275;        151,40;      1.282;        109,50;     18.480;         24,20;     24.653;         20,20;     54.279;         17,40;     97.399;         12,10;    353.333;         10,00
07.03.2025;12;42;32;11; 7; 4; 1; 50.562.276,00;    Jackpot; 52.692.063,68;          3;    724.725,90;          7;    175.162,10;         34;      5.948,50;        785;        322,00;      1.776;        156,50;      1.754;        115,30;     24.467;         26,30;     37.481;         19,20;     86.453;         15,70;    125.316;         13,60;    555.773;          9,20
11.03.2025;22;23;18;44;15;11; 1; 40.358.548,00;    Jackpot; 62.263.180,44;          2;    867.708,70;          8;    122.336,80;         26;      6.209,00;        585;        344,90;      1.120;        198,10;      1.537;        105,00;     16.484;         31,20;     25.965;         22,10;     72.357;         15,50;     85.718;         15,50;    374.023;         10,90
14.03.2025; 6;13;37;45;28;10; 5; 58.892.802,00;    Jackpot; 74.702.910,36;          9;    281.376,70;         17;     84.008,80;         76;      3.099,60;      1.225;        240,30;      2.459;        131,70;      2.802;         84,00;     32.734;         22,90;     45.048;         18,60;    101.402;         15,60;    168.190;         11,80;    613.119;          9,70
18.03.2025;50;47;14; 7; 1; 3; 7; 47.369.498,00;    Jackpot; 85.924.152,44;          2;  1.018.444,20;          3;    382.903,40;         48;      3.947,40;        792;        299,00;      2.362;        116,90;      1.486;        116,90;     36.504;         18,20;     35.600;         18,20;     67.851;         18,20;    188.624;          9,10;    511.387;          9,10
21.03.2025; 8;12;14;16; 9; 6;12; 71.502.700,00;    Jackpot;100.973.883,70;          6;    512.436,00;         24;     72.247,50;         57;      5.017,70;      1.256;        284,60;      2.283;        172,20;      3.081;         92,80;     31.670;         28,70;     50.946;         19,90;    130.037;         14,80;    161.905;         14,80;    726.084;          9,90
25.03.2025;35;50;30;11; 3; 5; 4; 64.347.958,00;          1;115.874.580,60;          6;    461.160,30;          7;    222.919,70;         46;      5.595,40;      1.037;        310,20;      2.043;        173,20;      2.103;        122,30;     30.447;         26,90;     44.234;         20,70;     94.103;         18,40;    165.772;         13,10;    664.892;          9,80
28.03.2025;19; 2;34;15;49; 2; 6; 42.804.488,00;    Jackpot; 10.624.926,34;          4;    460.148,20;          9;    115.334,30;         45;      3.804,80;        822;        260,30;      1.777;        132,40;      1.758;         97,30;     25.199;         21,60;     32.433;         18,80;     69.429;         16,60;    127.787;         11,30;    457.965;          9,40
01.04.2025;39;41;17;50;12; 9;12; 30.571.748,00;    Jackpot; 18.099.740,54;          1;  1.314.585,10;          6;    123.560,80;         12;     10.190,50;        368;        415,30;        846;        198,70;        898;        136,10;     11.830;         32,90;     18.813;         23,10;     43.146;         19,10;     63.317;         16,20;    283.120;         10,90
04.04.2025;19;38;29;37;23; 8; 2; 44.301.088,00;    Jackpot; 27.475.892,14;          4;    476.236,60;          5;    214.860,20;         39;      4.543,70;        697;        317,70;      1.959;        126,40;      1.368;        126,40;     29.263;         19,30;     34.160;         18,40;     72.345;         16,50;    150.317;          9,90;    487.714;          9,20
08.04.2025;47;40;39;41;17; 5; 8; 33.665.680,00;    Jackpot; 35.551.521,80;          2;    723.812,10;          4;    204.098,10;         27;      4.987,50;        496;        339,30;      1.186;        156,10;        934;        144,10;     19.301;         22,70;     20.681;         22,70;     45.754;         19,80;    113.014;         10,70;    308.588;         10,70
11.04.2025;49;28;26;27; 2; 1;10; 48.671.278,00;    Jackpot; 45.874.011,54;          5;    418.572,90;          5;    236.055,60;         24;      8.111,80;        657;        370,40;      1.484;        180,30;      1.452;        134,00;     23.108;         26,80;     29.896;         23,10;     72.777;         18,00;    123.217;         13,30;    455.092;         10,80
15.04.2025; 8;13;35;11;33; 1;10; 38.082.914,00;    Jackpot; 54.956.775,62;          3;    545.855,10;          7;    131.930,00;         32;      4.760,30;        627;        303,60;      1.291;        162,20;      1.636;         93,10;     18.132;         26,70;     27.381;         19,80;     73.171;         14,00;     94.498;         13,60;    384.800;         10,00
18.04.2025;12; 8; 7;29;44; 3;12; 51.661.612,00;    Jackpot; 65.993.089,36;          5;    444.289,80;         11;    113.890,30;         34;      6.077,80;      1.012;        255,20;      1.651;        172,10;      2.259;         91,40;     22.527;         29,20;     42.057;         17,50;     97.681;         14,90;    112.882;         14,90;    566.546;          9,20
22.04.2025;23;38;16;10;29; 5; 3; 39.532.888,00;    Jackpot; 75.467.567,64;          3;    566.638,00;          7;    136.953,20;         39;      4.054,60;        810;        244,00;      1.728;        125,80;      1.494;        105,80;     24.841;         20,20;     32.753;         17,10;     64.551;         16,50;    128.806;         10,30;    446.102;          8,90
25.04.2025;40;14;13;45;43; 8; 5; 61.492.832,00;    Jackpot; 88.373.032,56;          5;    528.838,30;         11;    135.563,70;         40;      6.149,20;        720;        427,00;      2.172;        155,70;      1.588;        154,80;     37.827;         22,40;     36.234;         22,40;     78.627;         21,10;    222.038;         10,20;    591.265;         10,20
29.04.2025;34;21;30;27;17; 8;11; 55.033.262,00;    Jackpot;101.070.236,26;          6;    394.405,00;          5;    266.911,30;         41;      5.369,00;        870;        316,20;      1.838;        164,60;      2.114;        104,10;     25.246;         27,70;     39.713;         19,70;     95.129;         15,60;    126.398;         14,60;    567.738;          9,80
02.05.2025;33;22; 3;35;15; 1; 7; 78.913.604,00;    Jackpot;117.791.601,22;          9;    377.031,60;         11;    173.968,60;         59;      5.350,00;      1.564;        252,20;      3.140;        138,20;      3.522;         89,60;     42.628;         23,60;     62.984;         17,80;    142.536;         14,90;    213.941;         12,40;    845.039;          9,40
06.05.2025;49;46;21;22; 1;10; 9; 75.134.712,00;    Jackpot;120.000.000,00;          3;  6.061.762,90;          9;    202.446,30;         43;      6.989,20;        901;        416,90;      1.967;        210,00;      2.013;        149,20;     31.693;         30,20;     43.581;         24,50;     97.368;         20,80;    172.997;         14,60;    696.835;         10,90
09.05.2025; 1; 5;36;27;43; 9; 5; 93.281.762,00;          1;120.000.000,00;          5;  4.846.236,80;         12;    188.506,80;         75;      4.975,00;      1.428;        326,60;      3.701;        138,60;      2.751;        135,60;     56.812;         20,90;     64.347;         20,60;    135.675;         18,50;    304.516;         10,30;    970.308;          9,70
13.05.2025;34;16;33;19;14; 5;12; 32.290.022,00;    Jackpot; 10.092.257,86;    Jackpot;  1.388.470,95;          5;    156.606,60;         32;      4.036,20;        528;        305,70;        907;        195,80;      1.093;        118,10;     13.520;         30,40;     22.134;         20,70;     53.081;         16,40;     70.009;         15,50;    327.976;          9,90
16.05.2025; 8; 6;15;27;39;12; 6; 43.542.268,00;    Jackpot; 19.422.115,19;          1;  3.260.788,40;         14;     75.421,40;         25;      6.966,70;        762;        285,70;      1.332;        179,70;      2.033;         85,60;     18.201;         30,50;     31.409;         19,70;     81.461;         15,20;     91.860;         15,20;    424.020;         10,40
20.05.2025;28;19;20;21; 8;10; 7; 33.227.032,00;    Jackpot; 27.384.858,56;          2;    714.381,10;          7;    115.107,90;         26;      5.111,80;        568;        292,40;      1.179;        155,00;      1.315;        101,00;     16.973;         24,90;     27.043;         17,50;     59.637;         15,00;     86.828;         12,90;    374.286;          9,00
23.05.2025;17;40;33;19;11;12; 7; 46.972.896,00;          1; 37.344.472,10;          1;  2.019.834,50;          7;    162.727,50;         23;      8.169,10;        938;        250,30;      1.315;        196,40;      1.922;         97,70;     18.535;         32,30;     35.088;         19,00;     86.444;         15,60;     95.702;         15,60;    482.757;          9,80
27.05.2025;41; 9;25; 6;17; 4;10; 29.294.000,00;    Jackpot; 10.000.000,00;          2;    629.821,00;          7;    101.482,70;         38;      3.083,50;        618;        237,00;      1.093;        147,40;      1.438;         81,40;     15.433;         24,20;     22.456;         18,50;     52.549;         15,00;     79.495;         12,40;    310.065;          9,50
30.05.2025;26;43; 5; 4;29; 9; 5; 42.224.764,00;          1; 17.600.457,50;          5;    473.269,20;          1;    473.269,20;         45;      3.753,30;        697;        302,90;      1.899;        123,80;      1.339;        123,80;     28.588;         18,90;     31.652;         18,90;     63.859;         17,80;    144.552;          9,80;    459.977;          9,30
03.06.2025; 8;26;30; 6;19; 1;12; 28.656.126,00;    Jackpot; 10.000.000,00;          6;    205.368,90;          6;    115.818,50;         22;      5.210,20;        544;        263,30;        919;        171,50;      1.634;         70,10;     12.616;         28,90;     20.662;         19,70;     60.563;         14,10;     62.635;         14,10;    270.381;         10,70
06.06.2025;11;23;39; 7; 8; 5;11; 42.399.224,00;    Jackpot; 17.631.860,32;          1;  1.823.166,60;          9;    114.242,30;         32;      5.299,90;        886;        239,20;      1.497;        155,70;      2.122;         79,90;     19.475;         27,70;     37.003;         16,30;     90.058;         13,90;     94.898;         13,90;    476.179;          9,00
10.06.2025;20; 1;17;42;28;12; 2; 30.112.034,00;    Jackpot; 23.052.026,44;          5;    258.963,40;          9;     81.135,20;         21;      5.735,60;        482;        312,30;        850;        194,80;      1.189;        101,30;     12.289;         31,20;     19.605;         21,80;     48.438;         16,70;     65.126;         15,60;    281.848;         10,80
13.06.2025;46;15;27; 1;18; 9; 5; 48.393.616,00;    Jackpot; 32.253.614,58;          6;    346.820,90;          4;    293.386,20;         44;      4.399,40;        763;        317,10;      2.017;        131,90;      1.517;        127,60;     31.168;         19,90;     34.206;         19,90;     72.386;         18,00;    159.819;         10,20;    502.288;          9,70
17.06.2025;10;35;13;15;33;12; 7; 34.299.204,00;          1; 40.657.587,80;          6;    245.810,90;         14;     59.411,10;         20;      6.859,80;        574;        298,70;      1.037;        181,90;      1.323;        103,70;     14.787;         29,50;     25.016;         19,50;     58.702;         15,70;     76.468;         15,10;    354.801;          9,80
20.06.2025;12;37;46;18; 6; 9; 7; 38.734.122,00;    Jackpot; 10.000.000,00;          3;    555.189,00;          8;    117.412,80;         34;      4.556,90;        753;        257,10;      1.476;        144,30;      1.460;        106,10;     20.655;         23,90;     30.916;         17,80;     62.733;         16,60;    110.662;         11,80;    431.603;          9,10
24.06.2025;20;31;44;35;40; 3; 4; 29.113.644,00;    Jackpot; 15.524.780,62;          2;    652.630,80;          1;    652.630,80;         12;      9.704,50;        352;        413,50;        839;        190,80;        808;        144,10;     12.712;         29,20;     17.705;         23,40;     36.725;         21,40;     73.007;         13,40;    281.743;         10,40
27.06.2025;26; 4;14;50;29;12; 3; 43.027.916,00;    Jackpot; 24.609.935,78;          3;    616.733,40;          5;    208.685,30;         29;      5.934,80;        615;        349,80;      1.224;        193,30;      1.617;        106,40;     16.539;         33,10;     28.217;         21,70;     68.665;         16,90;     87.313;         16,60;    406.310;         10,70
01.07.2025;14; 1; 9;10;12; 8; 6; 33.414.852,00;    Jackpot; 32.586.930,26;          1;  1.436.838,60;          5;    162.062,00;         36;      3.712,70;        683;        244,60;      1.448;        126,90;      1.711;         78,10;     19.745;         21,50;     27.182;         17,50;     62.315;         14,40;    103.465;         10,80;    370.655;          9,10
04.07.2025;41;14;23;34;44;10; 5; 47.726.594,00;    Jackpot; 42.717.300,92;          4;    513.060,80;          8;    144.671,20;         41;      4.656,20;        811;        294,20;      1.890;        138,80;      1.752;        108,90;     25.823;         23,50;     34.749;         19,50;     76.374;         16,80;    136.031;         11,80;    474.552;         10,20
08.07.2025;43;21;29;27;34; 6;10; 37.493.238,00;    Jackpot; 51.633.230,44;    Jackpot;  1.612.209,23;          5;    181.842,20;         31;      4.837,80;        567;        330,60;      1.189;        173,40;      1.268;        118,20;     17.755;         26,90;     25.533;         20,90;     61.137;         16,50;     92.493;         13,60;    365.593;         10,40
11.07.2025;13;46;43;12; 6; 6;11; 53.552.724,00;    Jackpot; 62.975.582,79;          4;    978.744,00;          7;    185.521,90;         26;      8.238,80;        703;        380,80;      1.371;        214,80;      1.590;        134,70;     21.872;         31,20;     34.088;         22,30;     81.870;         17,60;    115.117;         15,70;    516.368;         10,50
15.07.2025;33;45;37;13;28; 6;11; 44.342.284,00;    Jackpot; 73.389.388,82;          3;    635.572,70;         16;     67.206,20;         34;      5.216,70;        871;        254,50;      1.543;        158,00;      2.382;         74,40;     20.083;         28,10;     32.398;         19,50;     82.705;         14,50;    102.132;         14,50;    430.214;         10,40
18.07.2025;39;25;21;12;10; 4; 2; 62.348.606,00;    Jackpot; 86.649.143,98;          5;    536.198,00;          7;    215.993,30;         63;      3.958,60;      1.155;        269,90;      2.475;        138,50;      2.407;        103,60;     35.495;         22,30;     50.233;         17,60;    103.261;         16,30;    176.603;         11,90;    695.229;          9,10
22.07.2025;46;48;20;42; 5; 8; 7; 55.732.396,00;    Jackpot; 99.499.353,88;          7;    342.356,10;         10;    135.151,00;         30;      7.430,90;        680;        409,70;      1.659;        184,70;      1.466;        152,00;     25.309;         28,00;     33.723;         23,50;     71.503;         21,00;    144.294;         13,00;    542.236;         10,40
25.07.2025; 7;13;29;36; 8; 4; 8; 81.087.658,00;          2; 58.316.471,00;          6;    581.128,20;         15;    131.091,70;        113;      2.870,30;      1.702;        238,20;      4.510;         98,80;      3.473;         93,30;     60.756;         17,00;     71.733;         16,10;    149.380;         14,60;    294.377;          9,20;    946.721;          8,60
29.07.2025;43;49;20;21;38;11; 6; 30.912.386,00;    Jackpot; 10.000.000,00;    Jackpot;  1.329.232,60;          2;    374.812,60;         23;      5.376,00;        417;        370,60;        914;        186,00;      1.016;        121,70;     13.206;         29,80;     17.836;         24,60;     43.862;         19,00;     68.628;         15,20;    270.030;         11,60
01.08.2025; 4;12;33;20;11; 5; 3; 43.551.222,00;    Jackpot; 18.580.296,26;          8;    400.241,80;          9;    117.346,30;         48;      3.629,20;        942;        231,10;      2.260;        105,90;      1.930;         90,20;     42.246;         14,60;     40.086;         14,60;     78.573;         14,60;    151.733;          9,60;    546.583;          8,00
05.08.2025; 1;18;34;21;22; 6; 1; 32.967.362,00;    Jackpot; 26.538.162,36;          1;  1.417.596,50;          6;    133.243,00;         20;      6.593,40;        469;        351,40;      1.054;        172,00;      1.033;        127,60;     15.704;         26,70;     22.476;         20,90;     51.440;         17,30;     81.628;         13,60;    332.796;         10,00
08.08.2025;23;16; 7;42;41; 1; 4; 47.274.472,00;          1; 36.553.237,20;          2;  1.016.401,10;          8;    143.300,70;         36;      5.252,70;        823;        287,20;      1.529;        170,00;      3.722;         50,80;     21.647;         27,80;     34.560;         19,40;     77.868;         16,30;    112.946;         14,10;    479.492;         10,00
12.08.2025;16;11;37;42;29; 1;11; 29.253.942,00;    Jackpot; 10.000.000,00;          2;    628.959,70;          5;    141.881,60;         20;      5.850,70;        391;        374,00;        814;        197,60;      1.142;        102,40;     11.522;         32,30;     18.178;         22,90;     48.871;         16,10;     60.838;         16,10;    259.294;         11,40
15.08.2025;11;33;43;20; 5;12; 6; 41.190.720,00;    Jackpot; 17.414.329,60;          1;  1.771.200,90;          8;    124.859,30;         27;      6.102,30;        601;        342,60;      1.160;        195,30;      1.639;        100,50;     16.315;         32,10;     26.774;         21,90;     73.471;         15,70;     85.276;         15,70;    384.523;         10,80
19.08.2025;47;33;11; 3; 4; 9; 6; 32.131.546,00;    Jackpot; 23.844.892,78;          3;    460.552,10;          7;    111.312,80;         23;      5.588,00;        606;        265,10;      1.398;        126,40;      1.253;        102,50;     19.675;         20,80;     24.707;         18,50;     56.166;         15,40;     99.580;         10,80;    354.520;          9,10
22.08.2025;22;14; 3;16;34;10; 7; 45.517.110,00;    Jackpot; 33.532.035,20;    Jackpot;  1.957.235,73;         20;     55.189,40;         50;      3.641,30;        994;        228,90;      1.761;        142,10;      2.136;         85,20;     23.352;         24,80;     37.901;         17,10;     81.564;         15,00;    120.151;         12,70;    501.790;          9,20
26.08.2025;21;35; 8;26;14; 8; 4; 35.723.858,00;    Jackpot; 42.031.881,81;          2;  1.746.680,80;          4;    216.575,80;         36;      3.969,30;        716;        249,40;      2.174;         92,20;      1.503;         92,20;     26.738;         17,00;     31.882;         15,90;     63.298;         15,20;    128.517;          9,30;    402.267;          9,00
29.08.2025;23; 5;19; 3;48; 5; 1; 51.963.588,00;    Jackpot; 53.014.838,04;          5;    446.886,80;         10;    126.011,70;         36;      5.773,70;      1.068;        243,20;      2.099;        136,10;      2.256;         92,10;     28.870;         22,90;     45.488;         16,20;     95.683;         14,60;    135.896;         12,90;    595.827;          8,80
02.09.2025;12;38; 1; 5;47; 8; 7; 42.649.462,00;    Jackpot; 63.073.159,66;          1;  1.833.926,80;          3;    344.749,80;         28;      6.092,70;        598;        356,60;      1.344;        174,50;      1.356;        125,80;     21.272;         25,50;     30.511;         19,90;     62.809;         18,30;    111.562;         12,90;    461.824;          9,30
05.09.2025;14; 6;29;25;46; 7;11; 59.413.594,00;    Jackpot; 75.725.180,42;          1;  2.554.784,50;         10;    144.077,90;         50;      4.753,00;        945;        314,30;      1.722;        189,70;      2.173;        109,30;     24.380;         31,00;     40.064;         21,10;     96.530;         16,60;    127.840;         15,60;    572.251;         10,50
09.09.2025;24;14;50;18;27; 8; 9; 50.717.376,00;    Jackpot; 87.565.790,98;          3;    726.949,00;         12;    102.491,30;         35;      5.796,20;        747;        339,40;      1.647;        169,30;      1.586;        127,90;     23.466;         27,50;     38.047;         18,90;     78.398;         17,40;    121.994;         14,00;    564.781;          9,10
12.09.2025; 7;24;45;33;22; 4;12; 78.168.826,00;    Jackpot;103.940.960,48;          6;    560.209,90;         21;     90.266,30;         58;      5.390,90;      1.659;        235,50;      2.258;        190,40;      3.978;         78,60;     32.003;         31,10;     58.790;         18,90;    145.856;         15,20;    165.109;         15,20;    791.864;         10,00
16.09.2025;39;37; 8; 9;14; 1; 9; 68.960.432,00;    Jackpot;119.913.317,86;          4;    741.324,60;          7;    238.898,60;         53;      5.204,50;      1.007;        342,40;      2.231;        170,00;      2.253;        122,40;     34.353;         25,50;     47.747;         20,50;    109.044;         17,00;    177.675;         13,00;    712.386;          9,80
19.09.2025;37;46;40; 9;41; 1;12; 91.186.306,00;    Jackpot;120.000.000,00;          4;  5.850.555,10;          8;    276.408,40;         49;      7.443,70;        980;        465,20;      2.448;        204,80;      2.556;        142,70;     35.567;         32,60;     48.072;         27,00;    123.114;         19,90;    197.489;         15,50;    720.788;         12,80
23.09.2025;18;31;32; 7;33;10;11; 76.283.010,00;          1;120.000.000,00;          1; 21.177.159,20;         12;    154.155,20;         39;      7.823,80;      1.038;        367,40;      2.137;        196,30;      2.609;        116,90;     30.092;         32,30;     50.847;         21,30;    127.106;         16,20;    159.807;         16,10;    739.861;         10,40
26.09.2025;48;35;26;12;24; 1; 2; 43.942.702,00;    Jackpot; 11.397.666,16;          3;    629.845,30;          9;    118.401,10;         40;      4.394,20;        704;        312,00;      1.332;        181,40;      1.856;         94,70;     18.887;         29,60;     32.477;         19,20;     76.841;         15,40;    100.254;         14,70;    443.095;         10,00
30.09.2025;24;11;27; 8;13; 7; 3; 32.350.618,00;    Jackpot; 19.243.843,44;          6;    231.846,00;         13;     60.346,30;         75;      1.725,30;      1.013;        159,60;      2.920;         65,40;      1.778;         65,40;     33.838;         12,70;     35.566;         12,70;     67.333;         12,70;    144.198;          7,60;    430.161;          7,60
03.10.2025;21;27; 1; 2; 7; 8;12; 44.307.952,00;    Jackpot; 28.695.884,86;          3;    635.080,60;         20;     53.723,30;         32;      5.538,40;        898;        246,70;      1.276;        190,90;      2.567;         69,00;     17.015;         33,20;     34.718;         18,10;     92.495;         14,90;     87.538;         14,90;    459.029;          9,70
07.10.2025;10;42;22;38;48; 2; 9; 35.437.222,00;    Jackpot; 37.125.578,06;          3;    507.933,50;          5;    171.870,50;         29;      4.887,80;        537;        329,90;      1.312;        148,50;      1.111;        127,50;     19.103;         23,60;     23.083;         21,80;     49.842;         19,10;    104.472;         11,40;    343.416;         10,40
10.10.2025;31;24; 4; 5;41;12; 3; 50.364.790,00;    Jackpot; 47.824.081,70;          5;    433.137,10;          3;    407.115,30;         33;      6.104,80;        653;        385,60;      1.303;        212,50;      1.487;        135,40;     19.406;         33,00;     30.593;         23,40;     73.866;         18,40;    105.310;         16,10;    471.799;         10,80
14.10.2025;50; 8;12;13;49; 2; 4; 39.998.048,00;    Jackpot; 57.315.620,44;          6;    286.652,60;          7;    138.564,60;         31;      5.161,00;        547;        365,60;      1.256;        175,10;      1.273;        125,60;     19.732;         25,80;     27.117;         21,00;     58.869;         18,30;    109.650;         12,30;    415.819;          9,70
17.10.2025;21;46;35;34;18; 2; 3; 55.679.074,00;          1; 69.169.588,10;          2;  1.197.100,00;         11;    122.747,00;         27;      8.248,70;        930;        299,30;      1.550;        197,50;      1.930;        115,30;     24.400;         29,00;     40.611;         19,50;     84.034;         17,80;    131.529;         14,20;    587.349;          9,60
21.10.2025;46;21;40; 6;30; 3; 4; 30.073.972,00;    Jackpot; 10.000.000,00;          4;    323.295,20;          7;    104.184,80;         29;      4.148,10;        449;        334,80;        841;        196,60;        895;        134,40;     13.107;         29,20;     18.699;         22,90;     39.344;         20,60;     75.013;         13,50;    293.095;         10,40
24.10.2025;27;13;43;42;12; 4; 3; 43.095.196,00;    Jackpot; 17.757.135,28;          2;    926.546,70;          9;    116.117,60;         31;      5.560,60;        714;        301,70;      1.646;        143,90;      1.434;        120,20;     23.128;         23,70;     36.869;         16,70;     69.323;         16,70;    115.316;         12,60;    520.459;          8,40
28.10.2025;50; 3;22; 4;45;12; 9; 32.006.574,00;    Jackpot; 24.784.802,12;          2;    688.141,30;          5;    155.231,80;         22;      5.819,30;        378;        423,30;        874;        201,40;        955;        134,00;     12.634;         32,30;     19.499;         23,30;     46.083;         18,70;     66.479;         16,20;    294.143;         11,00
31.10.2025;47; 5;41;11;40; 1; 5; 47.035.858,00;    Jackpot; 34.712.203,24;          7;    288.934,50;          6;    190.103,20;         29;      6.487,70;        633;        371,50;      1.394;        185,50;      1.318;        142,70;     21.905;         27,30;     29.255;         22,90;     62.504;         20,30;    121.080;         13,10;    454.577;         10,50
04.11.2025;39;21;33;22; 3; 1; 9; 36.243.182,00;    Jackpot; 43.358.337,76;          1;  1.558.456,80;          4;    219.724,20;         20;      7.248,60;        558;        324,70;      1.300;        153,30;      1.313;        110,40;     17.550;         26,30;     27.055;         19,00;     61.300;         15,90;     91.276;         13,40;    376.887;          9,70
07.11.2025;40;19;22;13;35; 2; 8; 51.486.110,00;          1; 54.286.720,10;          3;    737.967,50;          4;    312.134,50;         55;      3.744,40;        886;        290,50;      2.316;        122,20;      1.833;        112,30;     32.718;         20,00;     39.836;         18,40;     81.713;         17,00;    170.797;         10,10;    555.024;          9,40
11.11.2025;25;50;24;41; 8; 8; 9; 28.822.836,00;    Jackpot; 10.000.000,00;          1;  1.239.381,90;          4;    174.738,40;         24;      4.803,80;        339;        425,10;        853;        185,80;        842;        136,90;     12.511;         29,30;     18.954;         21,60;     39.650;         19,60;     67.057;         14,50;    290.925;         10,00
14.11.2025;30; 3;37; 5;20;12; 6; 42.347.948,00;    Jackpot; 17.622.630,64;    Jackpot;  1.820.961,76;          1;  1.026.937,70;         19;      8.915,30;        562;        376,70;      1.122;        207,50;      1.501;        112,80;     17.427;         30,90;     26.445;         22,80;     71.226;         16,00;     89.356;         15,90;    392.021;         10,90
18.11.2025;49;27;19;25;41; 3; 9; 31.642.310,00;    Jackpot; 24.111.040,74;    Jackpot;  3.181.581,09;          4;    191.831,50;         30;      4.218,90;        501;        315,70;      1.420;        124,10;      1.002;        124,10;     21.288;         19,40;     22.637;         19,40;     47.182;         18,10;    111.552;          9,50;    335.527;          9,50
21.11.2025;30;50;15;45;24; 6; 5; 45.138.524,00;          5;  6.738.975,20;          3;  1.707.512,50;          2;    547.304,60;         34;      5.310,40;        612;        368,70;      1.384;        179,30;      1.235;        146,10;     21.384;         26,90;     27.922;         23,00;     58.209;         20,90;    117.679;         12,90;    434.425;         10,50
25.11.2025;46;35;23;30; 1; 8; 4; 27.735.626,00;    Jackpot; 10.000.000,00;          2;    596.315,90;          4;    168.147,20;         25;      4.437,70;        328;        422,70;      1.017;        149,90;        761;        145,70;     16.072;         22,60;     17.041;         22,60;     37.204;         20,10;     93.014;         10,50;    263.094;         10,50
28.11.2025;16;50;35;12;46; 5; 3; 42.211.664,00;    Jackpot; 17.598.099,52;          2;    907.550,70;          6;    170.605,40;         24;      7.035,20;        592;        356,50;      1.424;        163,00;      1.234;        136,80;     23.322;         23,00;     27.724;         21,60;     55.104;         20,60;    138.614;         10,20;    423.180;         10,10
02.12.2025;34;14;30;40;35; 6; 4; 31.634.978,00;          1; 23.537.055,10;          1;  1.360.304,00;          6;    127.858,00;         19;      6.659,90;        396;        399,40;      1.040;        167,30;        832;        152,00;     15.257;         26,40;     18.641;         24,10;     40.542;         21,00;     86.201;         12,30;    298.566;         10,70
05.12.2025;24;18; 1; 4;22;10; 6; 39.740.598,00;          1; 10.000.000,00;          3;    569.615,20;          8;    120.463,60;         26;      6.113,90;        759;        261,70;      1.434;        152,40;      1.712;         92,80;     19.391;         26,10;     30.502;         18,50;     72.978;         14,70;     99.872;         13,40;    415.933;          9,60
09.12.2025; 2;32;33;37;30; 9; 2; 27.669.146,00;    Jackpot; 10.000.000,00;          2;    594.886,60;          2;    335.488,30;         14;      7.905,40;        281;        492,30;        869;        175,10;        721;        153,50;     14.518;         24,50;     15.940;         24,50;     34.795;         21,40;     86.117;         10,80;    260.804;         10,70
12.12.2025;50;37;25;27; 2;11; 2; 41.438.334,00;    Jackpot; 17.458.900,12;          3;    593.949,40;          6;    167.479,90;         23;      7.206,60;        561;        369,30;      1.241;        183,60;      1.354;        122,40;     17.535;         30,10;     26.417;         22,30;     62.206;         17,90;     93.491;         14,90;    379.628;         11,00
16.12.2025;28;22;30;12;31;11; 4; 31.155.482,00;    Jackpot; 23.066.886,88;          2;    669.842,80;          4;    188.880,10;         22;      5.664,60;        497;        313,40;        895;        191,40;      1.218;        102,30;     13.698;         28,90;     21.218;         20,90;     52.507;         16,00;     73.447;         14,30;    307.788;         10,20
19.12.2025;35;45; 9; 8;15; 2; 5; 45.883.024,00;    Jackpot; 31.353.687,02;          4;    493.242,50;          7;    158.951,90;         38;      4.829,70;        727;        315,50;      1.735;        145,40;      1.397;        131,30;     26.219;         22,30;     34.014;         19,20;     67.531;         18,30;    140.100;         11,00;    490.394;          9,40
23.12.2025;29;40;35;41;24; 7; 6; 40.182.666,00;    Jackpot; 40.710.535,68;          2;    863.927,30;          3;    324.809,80;         15;     10.715,30;        467;        430,20;      1.139;        194,00;      1.104;        145,50;     18.663;         27,40;     24.019;         23,80;     51.101;         21,20;    106.434;         12,70;    379.789;         10,70
26.12.2025;15;21;26;42;29;12; 4; 44.067.970,00;    Jackpot; 50.473.894,80;          2;    947.461,30;          2;    534.324,10;         20;      8.813,50;        613;        359,40;      1.169;        207,30;      1.591;        110,70;     17.134;         32,70;     28.269;         22,20;     70.474;         16,80;     88.948;         16,70;    412.008;         10,80

Spieleinsätze und Quoten in EUR

Alle Angaben ohne Gewähr



     Datum;      5 aus 50;   EZ;  Spieleinsatz; Anz. Kl. 1;   Quote Kl. 1; Anz. Kl. 2;   Quote Kl. 2; Anz. Kl. 3;   Quote Kl. 3; Anz. Kl. 4;   Quote Kl. 4; Anz. Kl. 5;   Quote Kl. 5; Anz. Kl. 6;   Quote Kl. 6; Anz. Kl. 7;   Quote Kl. 7; Anz. Kl. 8;   Quote Kl. 8; Anz. Kl. 9;   Quote Kl. 9;Anz. Kl. 10;  Quote Kl. 10;Anz. Kl. 11;  Quote Kl. 11;Anz. Kl. 12;  Quote Kl. 12
30.12.2025;20;23;18;27;10; 1; 6; 48.891.142,00;    Jackpot; 61.290.505,56;          4;    525.579,70;         16;     74.100,60;         48;      4.074,20;        855;        285,90;      1.730;        155,40;      2.007;         97,40;     24.061;         25,90;     37.557;         18,50;     88.551;         14,90;    119.621;         13,70;    518.290;          9,50
02.01.2026;10;29;34;15;38; 2; 9; 58.674.044,00;          1; 74.104.783,60;          4;    630.745,90;         11;    129.349,50;         57;      4.117,40;        991;        296,00;      2.296;        140,50;      2.103;        111,60;     34.220;         21,80;     40.924;         20,40;     88.767;         17,80;    182.276;         10,80;    596.858;          9,90
06.01.2026;33;21;23;38;30;12; 8; 29.014.822,00;    Jackpot; 10.000.000,00;    Jackpot;  1.247.637,35;          5;    140.721,80;         18;      6.447,70;        359;        404,10;        738;        216,20;        863;        134,40;     11.411;         32,40;     18.165;         22,70;     43.914;         17,80;     61.461;         15,90;    277.876;         10,50
09.01.2026;19; 1;17;25;41; 6;12; 41.648.678,00;    Jackpot; 17.496.762,04;          3;  1.012.843,50;         17;     59.410,60;         29;      5.744,60;        503;        414,00;      1.136;        201,60;      1.416;        117,60;     16.122;         32,90;     26.476;         22,40;     71.469;         15,90;     87.090;         15,90;    379.268;         11,10
13.01.2026; 2;16;47;33;27; 6;12; 32.398.484,00;    Jackpot; 24.497.393,62;          6;    232.189,10;         11;     71.423,90;         24;      5.399,70;        537;        301,60;      1.008;        176,70;      1.357;         95,50;     13.718;         30,10;     20.809;         22,10;     54.461;         16,00;     74.754;         14,60;    297.074;         11,00
16.01.2026;39;37;48;16; 8;11; 5; 45.521.904,00;    Jackpot; 34.177.405,52;          5;    391.488,30;          9;    122.656,20;         32;      5.690,20;        736;        309,20;      1.299;        192,70;      1.629;        111,70;     19.291;         30,00;     28.973;         22,30;     69.971;         17,50;    100.828;         15,20;    422.006;         10,90
20.01.2026;32;26;45;37;16; 2; 3; 36.095.564,00;    Jackpot; 42.756.563,42;          3;    517.369,70;          9;     97.257,40;         22;      6.562,80;        523;        345,00;      1.053;        188,50;      1.168;        123,60;     15.263;         30,10;     24.591;         20,90;     51.717;         18,80;     83.953;         14,50;    367.017;          9,90
23.01.2026;39;36;18;45;50; 6; 9; 51.710.250,00;          1; 53.723.456,70;          3;    741.180,20;          4;    313.493,30;         44;      4.700,90;        736;        351,20;      2.108;        137,70;      1.459;        137,70;     27.194;         24,20;     33.579;         21,90;     71.184;         19,60;    151.036;         11,50;    478.744;         10,90
27.01.2026;29;18;32;19;13; 9; 8; 28.566.468,00;    Jackpot; 10.000.000,00;          3;    409.452,70;          3;    230.912,20;         27;      4.232,00;        522;        273,60;        903;        173,90;        999;        114,30;     13.270;         27,40;     23.331;         17,40;     46.856;         16,40;     68.147;         14,10;    336.347;          8,60
30.01.2026;17;13;37; 8;15; 3; 7; 42.436.722,00;          1; 17.638.609,90;          1;  1.824.779,00;          7;    147.012,90;         66;      2.571,90;        838;        253,20;      3.600;         77,60;      1.591;         77,60;     44.624;         14,50;     39.274;         14,50;     73.584;         14,50;    198.762;          7,90;    527.695;          7,90
03.02.2026;27;37; 3;20;44; 2; 1; 28.842.968,00;    Jackpot; 10.000.000,00;    Jackpot;  1.240.247,62;          7;     99.920,20;         20;      5.768,50;        466;        309,40;        793;        200,00;      1.041;        110,80;     12.237;         30,00;     19.929;         20,60;     46.932;         16,50;     66.517;         14,60;    290.404;         10,00
06.02.2026;38;41; 8;48;14;11; 1; 42.450.770,00;    Jackpot; 17.641.138,60;          2;  1.532.815,30;          4;    257.357,70;         22;      7.718,30;        506;        419,40;        963;        242,40;      1.439;        118,00;     14.641;         36,90;     23.797;         25,40;     65.682;         17,60;     80.480;         17,60;    348.942;         12,30
10.02.2026;19;39;12;47;34; 4; 5; 32.242.982,00;    Jackpot; 23.444.875,36;          2;    693.224,10;          9;     86.876,90;         16;      8.060,70;        660;        244,20;      1.104;        160,60;      1.352;         95,30;     16.182;         25,40;     26.554;         17,30;     51.996;         16,70;     85.595;         12,70;    361.597;          9,00
13.02.2026; 1;45;44;21;46; 2; 7; 49.112.746,00;    Jackpot; 32.944.639,28;          2;  1.055.924,00;          6;    198.497,30;         32;      6.139,00;        547;        448,90;      1.467;        184,10;      1.201;        163,50;     24.796;         25,50;     27.005;         25,50;     58.813;         22,50;    154.848;         11,00;    444.653;         11,00
17.02.2026;23;40;39; 8;44; 7; 6; 35.758.474,00;    Jackpot; 41.647.248,02;          1;  1.537.614,30;          3;    289.047,60;         25;      5.721,30;        516;        346,40;      1.141;        172,30;      1.130;        126,50;     17.296;         26,30;     24.227;         21,00;     52.305;         18,40;     94.594;         12,70;    360.787;         10,00
20.02.2026;23;17;40;36;11; 6; 5; 51.164.948,00;    Jackpot; 52.498.301,44;          7;    314.298,90;          9;    137.861,10;         38;      5.385,70;      1.015;        252,00;      1.905;        147,70;      2.115;         96,70;     26.861;         24,20;     41.653;         17,50;     85.352;         16,10;    137.522;         12,50;    570.572;          9,10
24.02.2026;48;26;38; 4; 5; 9; 2; 40.572.688,00;    Jackpot; 62.122.639,74;          5;    348.925,10;          4;    245.971,90;         34;      4.773,20;        563;        360,30;      1.591;        140,20;      1.291;        125,70;     23.025;         22,40;     27.714;         20,80;     60.351;         18,10;    123.818;         11,00;    409.936;         10,00
27.02.2026;47;19;28;17; 7; 2; 7; 60.040.812,00;          1; 74.788.336,00;          6;    430.292,40;          8;    181.998,70;         82;      2.928,80;      1.498;        200,40;      4.000;         83,90;      2.792;         83,90;     45.589;         16,70;     62.684;         14,00;    113.269;         14,00;    206.174;          9,80;    745.725;          8,10
03.03.2026; 1;49;14;35; 9; 2;10; 29.574.464,00;          1; 10.000.000,00;    Jackpot;  1.271.701,95;          9;     79.686,70;         24;      4.929,00;        466;        317,30;        931;        174,70;      1.022;        115,70;     14.309;         26,30;     19.817;         21,20;     46.139;         17,30;     75.708;         13,10;    290.691;         10,30
06.03.2026;47; 8;26;17;31; 1; 6; 39.289.578,00;    Jackpot; 10.000.000,00;    Jackpot;  2.961.153,80;          8;    119.096,50;         14;     11.225,50;        620;        316,80;      1.307;        165,30;      1.683;         93,30;     18.355;         27,20;     28.079;         19,90;     67.438;         15,70;     97.802;         13,50;    389.189;         10,20
10.03.2026; 3;18;28; 2;17;10; 4; 29.315.266,00;    Jackpot; 15.276.747,88;          6;    703.618,30;          3;    236.965,00;         25;      4.690,40;        505;        290,20;      1.148;        140,40;      1.240;         94,50;     16.087;         23,20;     22.146;         18,80;     51.951;         15,20;     81.990;         12,00;    319.781;          9,30
13.03.2026;37; 7;23;47;44; 2; 6; 45.829.360,00;    Jackpot; 23.526.032,68;          8;    246.332,80;          6;    185.226,90;         66;      2.777,50;      1.077;        212,70;      2.100;        120,00;      2.443;         75,00;     26.011;         22,40;     38.786;         16,80;     90.214;         13,70;    133.293;         11,60;    485.782;          9,50
17.03.2026;13;17;12;37;16; 4;11; 32.567.216,00;    Jackpot; 31.142.145,38;          4;    350.097,50;          5;    157.950,90;         14;      9.304,90;        464;        350,90;      1.000;        179,10;      1.102;        118,20;     15.463;         26,80;     23.167;         20,00;     57.584;         15,20;     80.273;         13,60;    344.012;          9,60
20.03.2026; 2;25;21;17;30; 2; 6; 46.363.754,00;    Jackpot; 40.969.289,92;          2;    996.820,70;          6;    187.386,80;         48;      3.863,60;        831;        278,90;      2.126;        119,90;      1.860;         99,70;     28.985;         20,30;     36.361;         18,10;     76.435;         16,30;    143.444;         10,90;    504.513;          9,30
24.03.2026;48;15; 9;23;43; 5; 3; 36.145.482,00;    Jackpot; 49.588.417,06;          4;    388.563,90;          4;    219.131,90;         37;      3.907,60;        608;        297,20;      1.470;        135,20;      1.223;        118,20;     21.340;         21,50;     27.088;         19,00;     52.738;         18,50;    115.661;         10,50;    400.058;          9,10
27.03.2026;38;23;40;25;21;11; 7; 51.363.336,00;    Jackpot; 60.496.903,88;          6;    368.103,90;         15;     83.037,30;         32;      6.420,40;        740;        347,00;      1.374;        205,60;      1.803;        113,90;     20.771;         31,50;     31.904;         22,90;     75.539;         18,30;    115.879;         14,90;    483.481;         10,70
31.03.2026;15; 5;18;35;20; 7; 8; 43.647.572,00;          1; 70.718.366,90;          3;    625.615,20;          3;    352.817,80;         40;      4.364,70;        759;        287,50;      1.709;        140,40;      1.608;        108,50;     23.241;         23,90;     36.903;         16,80;     74.030;         15,90;    115.973;         12,70;    496.063;          8,90
03.04.2026;22; 9;10;18;37; 1;11; 39.271.390,00;          1; 10.000.000,00;          5;    337.733,90;          7;    136.047,30;         21;      7.480,20;        579;        339,10;        971;        222,40;      1.632;         96,20;     14.688;         34,00;     25.443;         21,90;     74.653;         15,80;     76.293;         15,80;    362.467;         10,90
07.04.2026;27;23; 2;16; 4; 5; 8; 26.558.550,00;          2;  5.000.000,00;          3;    380.672,50;          6;    107.340,80;         48;      2.213,20;        599;        221,60;      1.515;         96,40;      1.280;         82,90;     20.223;         16,70;     23.437;         16,10;     50.989;         14,00;    101.255;          8,80;    305.756;          8,80
10.04.2026;48; 1;11;18; 6;12;10; 38.801.232,00;    Jackpot; 10.000.000,00;    Jackpot;  1.668.452,98;          7;    134.418,50;         25;      6.208,10;        468;        414,50;      1.013;        210,60;      1.576;         98,40;     15.341;         32,20;     23.686;         23,30;     69.450;         15,90;     78.546;         15,90;    343.778;         11,40
14.04.2026;13;46;32;22;47; 6; 7; 29.282.880,00;    Jackpot; 15.270.918,40;    Jackpot;  2.927.616,82;          3;    236.703,20;         20;      5.856,50;        428;        342,00;        978;        164,60;        785;        149,20;     14.562;         25,60;     19.792;         21,00;     40.854;         19,30;     79.729;         12,30;    301.292;          9,80
17.04.2026;44;16;43;31;35; 2; 9; 42.338.608,00;    Jackpot; 22.891.867,84;    Jackpot;  4.748.176,96;          3;    342.237,00;         29;      5.839,80;        545;        388,40;      1.505;        154,70;      1.179;        143,60;     22.858;         23,60;     25.969;         23,20;     56.037;         20,30;    129.753;         11,00;    394.553;         10,80
21.04.2026;32;47;39;36;31; 7; 8; 32.226.290,00;    Jackpot; 28.692.600,04;          2;  3.066.953,70;          5;    156.297,50;         20;      6.445,20;        418;        385,40;      1.021;        173,50;        866;        148,80;     14.141;         29,00;     19.556;         23,40;     40.965;         21,20;     81.256;         13,30;    303.040;         10,70
24.04.2026;29;44; 6;21;39; 1; 5; 45.210.608,00;    Jackpot; 37.227.025,44;          2;    972.028,00;         10;    109.635,70;         35;      5.166,90;        664;        340,40;      1.448;        171,70;      1.417;        127,60;     20.941;         27,50;     29.408;         21,90;     67.140;         18,10;    113.610;         13,40;    440.598;         10,40
28.04.2026;43;41;19;20;46; 5; 7; 35.403.804,00;    Jackpot; 45.650.653,92;          3;    507.454,50;          6;    143.090,30;         21;      6.743,50;        416;        425,50;      1.143;        170,30;        948;        149,30;     18.671;         24,30;     20.663;         24,30;     44.152;         21,60;    110.413;         10,80;    340.883;         10,50
01.05.2026;27;11;13;10;16; 5; 7; 47.543.774,00;    Jackpot; 55.820.803,12;          3;    681.460,70;          7;    164.705,20;         70;      2.716,70;      1.094;        217,20;      2.546;        102,70;      1.946;         97,70;     35.513;         17,00;     44.266;         15,30;     85.298;         15,00;    167.595;          9,50;    594.252;          8,10
05.05.2026;33; 1;43;30;34; 5;10; 40.929.764,00;    Jackpot; 65.359.411,12;    Jackpot;  1.759.979,85;          3;    330.848,90;         32;      5.116,20;        497;        411,70;      1.178;        191,00;      1.108;        147,70;     19.281;         27,00;     23.313;         25,00;     52.679;         20,90;    114.536;         12,00;    371.368;         11,10
08.05.2026; 3;41;18;17;31; 6;12; 57.770.926,00;    Jackpot; 77.645.172,93;          5;    848.825,90;          4;    350.236,20;         43;      5.374,00;        766;        377,00;      1.614;        196,80;      1.882;        122,70;     24.460;         30,10;     35.807;         22,90;     93.174;         16,70;    130.133;         14,90;    531.026;         11,00
12.05.2026;28;15;35; 7;19;11; 3; 50.704.176,00;    Jackpot; 89.412.606,08;          5;    436.055,90;         12;    102.464,60;         74;      2.740,70;      1.146;        221,20;      2.766;        100,80;      2.665;         76,10;     29.581;         21,80;     46.863;         15,40;    107.817;         12,60;    140.544;         12,10;    568.696;          9,00
15.05.2026; 1;36;33;37;32; 7;12; 77.015.624,00;    Jackpot;105.609.077,12;          2;  1.655.835,90;         11;    169.784,40;         30;     10.268,70;        840;        458,40;      1.866;        227,00;      2.048;        150,40;     29.625;         33,10;     41.499;         26,40;     96.735;         21,40;    167.524;         15,50;    679.510;         11,50
19.05.2026;47;39;10;36;37; 5; 6; 70.530.278,00;    Jackpot;120.000.000,00;          4;  1.205.258,30;         11;    155.487,20;         47;      6.002,50;        862;        409,10;      2.169;        178,80;      1.899;        148,50;     32.454;         27,70;     44.447;         22,60;     95.159;         20,00;    178.901;         13,30;    682.055;         10,40
22.05.2026;46; 5;35;34;42; 5; 3; 90.896.868,00;    Jackpot;120.000.000,00;         10;  2.351.253,50;          9;    244.916,50;         59;      6.162,40;      1.275;        356,40;      3.462;        146,10;      2.446;        146,10;     64.343;         19,40;     61.627;         19,40;    126.270;         19,40;    297.379;         10,30;    955.291;          9,60
26.05.2026;42;11;33;23; 5;12;10; 71.955.042,00;          1;120.000.000,00;          5;  4.042.351,00;         18;     96.939,40;         64;      4.497,10;      1.208;        297,80;      2.189;        180,70;      3.386;         85,00;     30.399;         30,10;     49.393;         20,70;    137.819;         14,70;    158.322;         14,70;    688.846;         10,60
29.05.2026;20; 3;21;49;42; 5; 6; 42.645.130,00;    Jackpot; 10.939.356,80;          1;  1.833.740,50;          6;    172.357,40;         24;      7.107,50;        598;        356,50;      1.366;        171,70;      1.311;        130,10;     20.659;         26,30;     31.802;         19,10;     62.066;         18,50;    113.100;         12,70;    460.638;          9,30
02.06.2026;36;46;40; 2;38; 8; 7; 31.375.950,00;    Jackpot; 18.557.439,90;          1;  1.349.165,80;          1;    760.866,70;         21;      5.976,30;        384;        408,50;        932;        185,10;        800;        156,80;     13.842;         28,90;     18.337;         24,30;     38.127;         22,20;     81.152;         13,00;    287.233;         11,00
05.06.2026;50;47;21;23;44; 1; 7; 42.957.408,00;    Jackpot; 27.733.144,04;          2;    923.584,20;          4;    260.429,20;         35;      4.909,40;        561;        382,80;      1.338;        176,50;      1.257;        136,60;     20.756;         26,30;     27.217;         22,40;     59.056;         19,60;    116.561;         12,40;    414.079;         10,50
09.06.2026; 1;39;22;48;14; 8;11; 34.064.698,00;    Jackpot; 35.821.604,94;          5;    292.956,40;          3;    275.356,30;         23;      5.924,20;        486;        350,40;        927;        202,10;      1.093;        124,60;     13.859;         31,30;     21.352;         22,70;     49.871;         18,40;     73.790;         15,50;    316.354;         10,90
12.06.2026; 2;28;18; 4;14; 9;11; 46.788.624,00;    Jackpot; 45.795.217,12;          4;    502.977,70;         13;     87.278,70;         28;      6.684,00;        846;        276,50;      1.290;        199,40;      2.324;         80,50;     18.403;         32,40;     33.580;         19,80;     87.970;         15,40;     95.490;         15,40;    466.029;         10,10
16.06.2026;37;26;29; 9;42; 1; 7; 37.581.108,00;    Jackpot; 54.726.945,24;          2;    842.443,10;          1;    842.443,10;         24;      6.263,50;        592;        317,40;      1.246;        165,80;      1.393;        107,90;     18.582;         25,70;     26.170;         20,40;     61.203;         16,50;    100.212;         12,60;    376.543;         10,10
19.06.2026;37;45;42;27;16;12; 5; 50.690.494,00;    Jackpot; 65.567.712,72;          4;    544.922,80;          7;    175.606,30;         26;      7.798,50;        751;        337,40;      1.380;        202,00;      1.571;        129,00;     20.541;         31,40;     32.199;         22,40;     76.487;         17,80;    106.898;         16,00;    473.901;         10,80
23.06.2026;50;48;24;27;43; 4;12; 41.284.086,00;    Jackpot; 75.317.091,18;          3;    591.738,50;          7;    143.019,80;         21;      7.863,60;        577;        357,70;      1.100;        206,40;      1.307;        126,30;     16.401;         32,00;     26.023;         22,60;     59.577;         18,70;     87.433;         15,90;    380.322;         11,00
26.06.2026;39;25;17;35;41; 5; 9; 55.985.074,00;          1; 87.264.546,90;          5;    481.471,60;          3;    452.546,00;         60;      3.732,30;        955;        293,10;      2.368;        130,00;      1.995;        112,20;     34.493;         20,60;     41.336;         19,30;     86.094;         17,50;    177.816;         10,60;    586.473;          9,60
30.06.2026;12;34;44;50;19; 8; 3; 28.987.610,00;    Jackpot; 10.000.000,00;          3;    415.489,00;          3;    234.316,50;         37;      3.133,70;        437;        331,60;      1.365;        118,50;        958;        118,50;     19.725;         19,00;     21.373;         19,00;     43.173;         18,10;    104.586;          9,40;    309.697;          9,40
03.07.2026;25; 9;20;28; 4; 3; 1; 40.374.514,00;    Jackpot; 17.267.412,52;          2;    868.052,00;          7;    139.868,80;         42;      3.845,10;        743;        271,60;      1.658;        133,90;      1.824;         88,50;     21.088;         24,40;     32.847;         17,50;     71.486;         15,20;    102.916;         13,20;    444.568;          9,20
07.07.2026; 6;16;41;46;24; 3; 2; 31.513.082,00;    Jackpot; 23.909.656,86;    Jackpot;  1.355.062,53;          1;    764.192,20;         14;      9.003,70;        448;        351,70;        918;        188,80;        985;        127,90;     13.550;         29,60;     21.519;         20,80;     45.167;         18,80;     75.227;         14,10;    320.152;          9,90
10.07.2026;42;25;45;28;13; 5;12; 43.246.068,00;    Jackpot; 33.147.947,01;          6;    535.773,90;         15;     69.914,40;         33;      5.241,90;        752;        287,50;      1.234;        192,70;      1.802;         95,90;     17.814;         30,90;     29.361;         20,90;     72.981;         16,00;     91.158;         16,00;    417.491;         10,50
14.07.2026;34; 6;36;17; 5; 3;11; 33.954.714,00;    Jackpot; 41.216.477,12;          4;    456.690,90;          1;    456.690,90;         21;      6.467,50;        559;        303,70;      1.246;        149,80;      1.133;        119,80;     16.720;         25,80;     23.819;         20,30;     54.786;         16,70;     87.918;         13,00;    353.661;          9,70
17.07.2026;47;48; 6;21;31; 2; 9; 46.739.512,00;    Jackpot; 51.180.399,66;          6;    334.966,50;          4;    283.358,20;         42;      4.451,30;        666;        350,80;      1.568;        163,90;      1.298;        144,00;     24.954;         23,80;     28.320;         23,50;     61.273;         20,50;    141.080;         11,10;    442.235;         10,70
21.07.2026;10;37; 4; 8;17; 5; 7; 37.096.516,00;    Jackpot; 59.993.265,78;          5;    319.030,00;          4;    224.897,60;         44;      3.372,40;        681;        272,30;      1.941;        105,10;      1.469;        101,00;     26.757;         17,60;     32.531;         16,20;     64.864;         15,40;    127.948;          9,70;    449.196;          8,30
24.07.2026; 4; 8; 6;17;22;10; 7; 53.028.756,00;          1; 71.262.143,10;          3;    760.078,80;         24;     53.581,10;         61;      3.477,20;      1.181;        224,50;      2.132;        136,80;      2.819;         75,20;     28.019;         24,10;     48.156;         15,60;    107.161;         13,30;    138.300;         12,90;    615.275;          8,70
28.07.2026;41;25;40;45;11; 1; 5; 28.554.600,00;    Jackpot; 10.000.000,00;          1;  1.227.847,80;          4;    173.112,20;         15;      7.614,50;        356;        401,00;        783;        200,50;        804;        142,00;     12.155;         29,90;     17.263;         23,50;     38.022;         20,20;     68.424;         14,00;    265.085;         10,90
31.07.2026;20;40; 4;10;41; 4; 6; 39.940.054,00;    Jackpot; 17.189.209,72;          3;    572.474,10;          3;    322.848,70;         25;      6.390,40;        610;        327,30;      1.414;        155,30;      1.214;        131,50;     20.922;         24,30;     28.010;         20,30;     59.368;         18,10;    115.383;         11,60;    388.668;         10,40
04.08.2026;17;30;43; 3;35;12; 1; 31.132.922,00;    Jackpot; 23.494.960,26;          1;  1.338.715,60;         10;     75.497,30;         26;      4.789,60;        439;        354,50;        863;        198,40;      1.242;        100,20;     12.851;         30,80;     18.760;         23,60;     53.780;         15,60;     68.260;         15,30;    270.978;         11,60
07.08.2026; 1;13; 3;23; 6; 5; 7; 42.973.770,00;          1; 32.658.025,00;          6;    307.978,60;         13;     80.162,60;         68;      2.527,80;      1.161;        185,00;      2.668;         88,50;      2.582;         66,50;     32.179;         17,00;     43.167;         14,10;     88.526;         13,10;    157.706;          9,10;    532.585;          8,10
11.08.2026;30;11;16; 4;12; 9; 8; 27.969.062,00;    Jackpot; 10.000.000,00;          3;    400.889,80;          6;    113.041,60;         24;      4.661,50;        616;        227,00;        987;        155,80;      1.354;         82,60;     13.415;         26,50;     24.466;         16,20;     51.895;         14,50;     67.808;         13,90;    327.489;          8,60
14.08.2026;28;26; 5;30;40; 6; 3; 40.158.650,00;    Jackpot; 17.228.557,00;          3;    575.607,30;          6;    162.307,80;         34;      4.724,50;        572;        351,00;      1.474;        149,80;      1.186;        135,40;     22.812;         22,40;     27.636;         20,70;     57.403;         18,80;    125.630;         10,70;    413.609;          9,80
18.08.2026;34;15;42;22;24; 4; 7; 29.812.478,00;    Jackpot; 22.767.969,54;          3;    427.312,10;          2;    361.476,20;         50;      2.384,90;        547;        272,50;      1.595;        105,10;      1.099;        105,10;     20.963;         18,30;     22.859;         18,30;     46.666;         17,20;    108.017;          9,40;    316.978;          9,40
21.08.2026;45;25;35;50;46; 8; 4; 42.228.350,00;    Jackpot; 31.753.184,10;          2;    907.909,50;          2;    512.018,70;         30;      5.630,40;        517;        408,30;      1.333;        174,20;      1.292;        130,70;     22.408;         24,30;     24.472;         24,30;     55.608;         20,50;    138.211;         11,20;    371.464;         11,20
25.08.2026; 7; 4;50;48; 5; 5; 4; 32.434.478,00;          1; 39.496.021,60;          1;  1.394.682,50;          5;    157.307,20;         30;      4.324,50;        485;        334,30;      1.370;        130,20;      1.000;        129,70;     17.489;         23,60;     22.267;         20,70;     45.583;         19,20;     82.094;         13,30;    352.380;          9,30
28.08.2026;45;34;39;23;49; 1; 4; 37.216.430,00;    Jackpot; 10.000.000,00;          1;  1.600.306,40;          8;    112.812,30;         18;      8.270,30;        516;        360,60;        961;        212,90;      1.284;        115,90;     15.031;         31,50;     23.901;         22,10;     57.507;         17,40;     83.225;         15,00;    343.011;         11,00
01.09.2026; 9;35;50;14;43; 3; 7; 29.786.222,00;    Jackpot; 15.361.519,96;          1;  1.280.807,50;          5;    144.463,10;         25;      4.765,70;        459;        324,40;      1.195;        137,00;        895;        133,10;     19.488;         20,60;     19.407;         20,60;     40.141;         20,00;    115.747;          9,80;    295.144;          9,80

Spieleinsätze und Quoten in EUR

Alle Angaben ohne Gewähr